phase,subject,subjectTitle,unit,topic,title,status,editorialStatus,questions,reviewedAt,url
"1","education","Education","foundations-of-education","what-is-education","What Is Education?","PUBLISHED","PUBLISHED","5","2026-08-18","https://eliexplains.org/subjects/education/what-is-education"
"1","education","Education","foundations-of-education","major-philosophies-of-education","Major Philosophies of Education","PUBLISHED","PUBLISHED","5","2026-08-18","https://eliexplains.org/subjects/education/major-philosophies-of-education"
"1","education","Education","foundations-of-education","history-of-public-education","History of Public Education","PUBLISHED","PUBLISHED","5","2026-08-18","https://eliexplains.org/subjects/education/history-of-public-education"
"1","education","Education","learning-theories","behaviorism","Behaviorism","PUBLISHED","PUBLISHED","5","2026-08-18","https://eliexplains.org/subjects/education/behaviorism"
"1","education","Education","learning-theories","cognitivism","Cognitivism","PUBLISHED","PUBLISHED","5","2026-08-18","https://eliexplains.org/subjects/education/cognitivism"
"1","education","Education","learning-theories","constructivism","Constructivism","PUBLISHED","PUBLISHED","5","2026-08-18","https://eliexplains.org/subjects/education/constructivism"
"1","education","Education","learning-theories","social-learning-theory","Social Learning Theory","PUBLISHED","PUBLISHED","5","2026-08-18","https://eliexplains.org/subjects/education/social-learning-theory"
"1","education","Education","educational-psychology","motivation-and-learning","Motivation and Learning","PUBLISHED","PUBLISHED","5","2026-08-18","https://eliexplains.org/subjects/education/motivation-and-learning"
"1","education","Education","educational-psychology","memory-and-learning","Memory and Learning","PUBLISHED","PUBLISHED","5","2026-08-18","https://eliexplains.org/subjects/education/memory-and-learning"
"1","education","Education","educational-psychology","cognitive-development","Cognitive Development","PUBLISHED","PUBLISHED","5","2026-08-18","https://eliexplains.org/subjects/education/cognitive-development"
"1","education","Education","teaching-and-instruction","writing-learning-objectives","Writing Learning Objectives","PUBLISHED","PUBLISHED","5","2026-08-18","https://eliexplains.org/subjects/education/writing-learning-objectives"
"1","education","Education","teaching-and-instruction","lesson-planning","Lesson Planning","PUBLISHED","PUBLISHED","5","2026-08-18","https://eliexplains.org/subjects/education/lesson-planning"
"1","education","Education","teaching-and-instruction","instructional-strategies","Instructional Strategies","PUBLISHED","PUBLISHED","5","2026-08-18","https://eliexplains.org/subjects/education/instructional-strategies"
"1","education","Education","teaching-and-instruction","differentiated-instruction","Differentiated Instruction","PUBLISHED","PUBLISHED","5","2026-08-18","https://eliexplains.org/subjects/education/differentiated-instruction"
"1","education","Education","assessment","formative-versus-summative-assessment","Formative Versus Summative Assessment","PUBLISHED","PUBLISHED","5","2026-08-18","https://eliexplains.org/subjects/education/formative-versus-summative-assessment"
"1","education","Education","assessment","reliability-and-validity-in-assessment","Reliability and Validity in Assessment","PUBLISHED","PUBLISHED","5","2026-08-18","https://eliexplains.org/subjects/education/reliability-and-validity-in-assessment"
"1","education","Education","assessment","rubrics-and-performance-assessment","Rubrics and Performance Assessment","PUBLISHED","PUBLISHED","5","2026-08-18","https://eliexplains.org/subjects/education/rubrics-and-performance-assessment"
"1","education","Education","classroom-and-learner-support","classroom-management","Classroom Management","PUBLISHED","PUBLISHED","5","2026-08-18","https://eliexplains.org/subjects/education/classroom-management"
"1","education","Education","classroom-and-learner-support","inclusive-teaching","Inclusive Teaching","PUBLISHED","PUBLISHED","5","2026-08-18","https://eliexplains.org/subjects/education/inclusive-teaching"
"1","education","Education","classroom-and-learner-support","special-education-foundations","Special Education Foundations","PUBLISHED","PUBLISHED","5","2026-08-18","https://eliexplains.org/subjects/education/special-education-foundations"
"1","education","Education","classroom-and-learner-support","culturally-responsive-teaching","Culturally Responsive Teaching","PUBLISHED","PUBLISHED","5","2026-08-18","https://eliexplains.org/subjects/education/culturally-responsive-teaching"
"1","social-work-and-human-services","Social Work & Human Services","foundations","what-social-workers-and-human-service-professionals-do","What Social Workers and Human-Service Professionals Do","PUBLISHED","PUBLISHED","5","2026-08-18","https://eliexplains.org/subjects/social-work-and-human-services/what-social-workers-and-human-service-professionals-do"
"1","social-work-and-human-services","Social Work & Human Services","foundations","person-in-environment-perspective","Person-in-Environment Perspective","PUBLISHED","PUBLISHED","5","2026-08-18","https://eliexplains.org/subjects/social-work-and-human-services/person-in-environment-perspective"
"1","social-work-and-human-services","Social Work & Human Services","foundations","strengths-based-practice","Strengths-Based Practice","PUBLISHED","PUBLISHED","5","2026-08-18","https://eliexplains.org/subjects/social-work-and-human-services/strengths-based-practice"
"1","social-work-and-human-services","Social Work & Human Services","ethics","ethics-in-helping-professions","Ethics in Helping Professions","PUBLISHED","PUBLISHED","5","2026-08-18","https://eliexplains.org/subjects/social-work-and-human-services/ethics-in-helping-professions"
"1","social-work-and-human-services","Social Work & Human Services","ethics","confidentiality-and-privacy","Confidentiality and Privacy","PUBLISHED","PUBLISHED","5","2026-08-18","https://eliexplains.org/subjects/social-work-and-human-services/confidentiality-and-privacy"
"1","social-work-and-human-services","Social Work & Human Services","ethics","professional-boundaries","Professional Boundaries","PUBLISHED","PUBLISHED","5","2026-08-18","https://eliexplains.org/subjects/social-work-and-human-services/professional-boundaries"
"1","social-work-and-human-services","Social Work & Human Services","communication","helping-relationships","Helping Relationships","PUBLISHED","PUBLISHED","5","2026-08-18","https://eliexplains.org/subjects/social-work-and-human-services/helping-relationships"
"1","social-work-and-human-services","Social Work & Human Services","communication","active-listening","Active Listening","PUBLISHED","PUBLISHED","5","2026-08-18","https://eliexplains.org/subjects/social-work-and-human-services/active-listening"
"1","social-work-and-human-services","Social Work & Human Services","communication","motivational-interviewing-basics","Motivational Interviewing Basics","PUBLISHED","PUBLISHED","5","2026-08-18","https://eliexplains.org/subjects/social-work-and-human-services/motivational-interviewing-basics"
"1","social-work-and-human-services","Social Work & Human Services","case-management","what-case-management-is","What Case Management Is","PUBLISHED","PUBLISHED","5","2026-08-18","https://eliexplains.org/subjects/social-work-and-human-services/what-case-management-is"
"1","social-work-and-human-services","Social Work & Human Services","case-management","needs-assessment","Needs Assessment","PUBLISHED","PUBLISHED","5","2026-08-18","https://eliexplains.org/subjects/social-work-and-human-services/needs-assessment"
"1","social-work-and-human-services","Social Work & Human Services","case-management","community-resources-and-referrals","Community Resources and Referrals","PUBLISHED","PUBLISHED","5","2026-08-18","https://eliexplains.org/subjects/social-work-and-human-services/community-resources-and-referrals"
"1","social-work-and-human-services","Social Work & Human Services","trauma-and-crisis","trauma-informed-care","Trauma-Informed Care","PUBLISHED","PUBLISHED","5","2026-08-18","https://eliexplains.org/subjects/social-work-and-human-services/trauma-informed-care"
"1","social-work-and-human-services","Social Work & Human Services","trauma-and-crisis","crisis-intervention-basics","Crisis Intervention Basics","PUBLISHED","PUBLISHED","5","2026-08-18","https://eliexplains.org/subjects/social-work-and-human-services/crisis-intervention-basics"
"1","social-work-and-human-services","Social Work & Human Services","trauma-and-crisis","stress-trauma-and-resilience","Stress, Trauma, and Resilience","PUBLISHED","PUBLISHED","5","2026-08-18","https://eliexplains.org/subjects/social-work-and-human-services/stress-trauma-and-resilience"
"1","social-work-and-human-services","Social Work & Human Services","social-context","poverty-and-social-inequality","Poverty and Social Inequality","PUBLISHED","PUBLISHED","5","2026-08-18","https://eliexplains.org/subjects/social-work-and-human-services/poverty-and-social-inequality"
"1","social-work-and-human-services","Social Work & Human Services","social-context","cultural-humility","Cultural Humility","PUBLISHED","PUBLISHED","5","2026-08-18","https://eliexplains.org/subjects/social-work-and-human-services/cultural-humility"
"1","social-work-and-human-services","Social Work & Human Services","social-context","advocacy","Advocacy","PUBLISHED","PUBLISHED","5","2026-08-18","https://eliexplains.org/subjects/social-work-and-human-services/advocacy"
"1","social-work-and-human-services","Social Work & Human Services","social-context","community-practice","Community Practice","PUBLISHED","PUBLISHED","5","2026-08-18","https://eliexplains.org/subjects/social-work-and-human-services/community-practice"
"1","social-work-and-human-services","Social Work & Human Services","social-context","social-policy-and-human-services","Social Policy and Human Services","PUBLISHED","PUBLISHED","5","2026-08-18","https://eliexplains.org/subjects/social-work-and-human-services/social-policy-and-human-services"
"1","criminal-justice-and-criminology","Criminal Justice & Criminology","criminal-justice-system","what-is-criminal-justice","What Is Criminal Justice?","PUBLISHED","PUBLISHED","5","2026-08-18","https://eliexplains.org/subjects/criminal-justice-and-criminology/what-is-criminal-justice"
"1","criminal-justice-and-criminology","Criminal Justice & Criminology","criminal-justice-system","police-courts-and-corrections","Police, Courts, and Corrections","PUBLISHED","PUBLISHED","5","2026-08-18","https://eliexplains.org/subjects/criminal-justice-and-criminology/police-courts-and-corrections"
"1","criminal-justice-and-criminology","Criminal Justice & Criminology","criminal-justice-system","criminal-law-versus-civil-law","Criminal Law Versus Civil Law","PUBLISHED","PUBLISHED","5","2026-08-18","https://eliexplains.org/subjects/criminal-justice-and-criminology/criminal-law-versus-civil-law"
"1","criminal-justice-and-criminology","Criminal Justice & Criminology","criminal-justice-system","felonies-misdemeanors-and-offenses","Felonies, Misdemeanors, and Offenses","PUBLISHED","PUBLISHED","5","2026-08-18","https://eliexplains.org/subjects/criminal-justice-and-criminology/felonies-misdemeanors-and-offenses"
"1","criminal-justice-and-criminology","Criminal Justice & Criminology","criminal-law-foundations","elements-of-a-crime","Elements of a Crime","PUBLISHED","PUBLISHED","5","2026-08-18","https://eliexplains.org/subjects/criminal-justice-and-criminology/elements-of-a-crime"
"1","criminal-justice-and-criminology","Criminal Justice & Criminology","criminal-law-foundations","criminal-defenses","Criminal Defenses","PUBLISHED","PUBLISHED","5","2026-08-18","https://eliexplains.org/subjects/criminal-justice-and-criminology/criminal-defenses"
"1","criminal-justice-and-criminology","Criminal Justice & Criminology","criminal-law-foundations","constitutional-protections","Constitutional Protections","PUBLISHED","PUBLISHED","5","2026-08-18","https://eliexplains.org/subjects/criminal-justice-and-criminology/constitutional-protections"
"1","criminal-justice-and-criminology","Criminal Justice & Criminology","policing","history-and-role-of-policing","History and Role of Policing","PUBLISHED","PUBLISHED","5","2026-08-18","https://eliexplains.org/subjects/criminal-justice-and-criminology/history-and-role-of-policing"
"1","criminal-justice-and-criminology","Criminal Justice & Criminology","policing","police-discretion","Police Discretion","PUBLISHED","PUBLISHED","5","2026-08-18","https://eliexplains.org/subjects/criminal-justice-and-criminology/police-discretion"
"1","criminal-justice-and-criminology","Criminal Justice & Criminology","policing","search-seizure-and-warrants","Search, Seizure, and Warrants","PUBLISHED","PUBLISHED","5","2026-08-19","https://eliexplains.org/subjects/criminal-justice-and-criminology/search-seizure-and-warrants"
"1","criminal-justice-and-criminology","Criminal Justice & Criminology","policing","use-of-force","Use of Force","PUBLISHED","PUBLISHED","5","2026-08-18","https://eliexplains.org/subjects/criminal-justice-and-criminology/use-of-force"
"1","criminal-justice-and-criminology","Criminal Justice & Criminology","policing","community-policing","Community Policing","PUBLISHED","PUBLISHED","5","2026-08-19","https://eliexplains.org/subjects/criminal-justice-and-criminology/community-policing"
"1","criminal-justice-and-criminology","Criminal Justice & Criminology","courts","court-structure","Court Structure","PUBLISHED","PUBLISHED","5","2026-08-19","https://eliexplains.org/subjects/criminal-justice-and-criminology/court-structure"
"1","criminal-justice-and-criminology","Criminal Justice & Criminology","courts","arrest-through-trial","Arrest Through Trial","PUBLISHED","PUBLISHED","5","2026-08-19","https://eliexplains.org/subjects/criminal-justice-and-criminology/arrest-through-trial"
"1","criminal-justice-and-criminology","Criminal Justice & Criminology","courts","bail-and-pretrial-procedure","Bail and Pretrial Procedure","PUBLISHED","PUBLISHED","5","2026-08-19","https://eliexplains.org/subjects/criminal-justice-and-criminology/bail-and-pretrial-procedure"
"1","criminal-justice-and-criminology","Criminal Justice & Criminology","courts","plea-bargaining","Plea Bargaining","PUBLISHED","PUBLISHED","5","2026-08-19","https://eliexplains.org/subjects/criminal-justice-and-criminology/plea-bargaining"
"1","criminal-justice-and-criminology","Criminal Justice & Criminology","courts","trial-and-sentencing","Trial and Sentencing","PUBLISHED","PUBLISHED","5","2026-08-19","https://eliexplains.org/subjects/criminal-justice-and-criminology/trial-and-sentencing"
"1","criminal-justice-and-criminology","Criminal Justice & Criminology","corrections","jails-versus-prisons","Jails Versus Prisons","PUBLISHED","PUBLISHED","5","2026-08-19","https://eliexplains.org/subjects/criminal-justice-and-criminology/jails-versus-prisons"
"1","criminal-justice-and-criminology","Criminal Justice & Criminology","corrections","probation-and-parole","Probation and Parole","PUBLISHED","PUBLISHED","5","2026-08-19","https://eliexplains.org/subjects/criminal-justice-and-criminology/probation-and-parole"
"1","criminal-justice-and-criminology","Criminal Justice & Criminology","corrections","rehabilitation-and-reentry","Rehabilitation and Reentry","PUBLISHED","PUBLISHED","5","2026-08-19","https://eliexplains.org/subjects/criminal-justice-and-criminology/rehabilitation-and-reentry"
"1","criminal-justice-and-criminology","Criminal Justice & Criminology","corrections","juvenile-justice","Juvenile Justice","PUBLISHED","PUBLISHED","5","2026-08-19","https://eliexplains.org/subjects/criminal-justice-and-criminology/juvenile-justice"
"1","criminal-justice-and-criminology","Criminal Justice & Criminology","criminology","what-causes-crime","What Causes Crime?","PUBLISHED","PUBLISHED","5","2026-08-19","https://eliexplains.org/subjects/criminal-justice-and-criminology/what-causes-crime"
"1","criminal-justice-and-criminology","Criminal Justice & Criminology","criminology","strain-theory","Strain Theory","PUBLISHED","PUBLISHED","5","2026-08-19","https://eliexplains.org/subjects/criminal-justice-and-criminology/strain-theory"
"1","criminal-justice-and-criminology","Criminal Justice & Criminology","criminology","social-learning-theory-of-crime","Social Learning Theory of Crime","PUBLISHED","PUBLISHED","5","2026-08-19","https://eliexplains.org/subjects/criminal-justice-and-criminology/social-learning-theory-of-crime"
"1","criminal-justice-and-criminology","Criminal Justice & Criminology","criminology","social-disorganization","Social Disorganization","PUBLISHED","PUBLISHED","5","2026-08-19","https://eliexplains.org/subjects/criminal-justice-and-criminology/social-disorganization"
"1","criminal-justice-and-criminology","Criminal Justice & Criminology","criminology","labeling-theory","Labeling Theory","PUBLISHED","PUBLISHED","5","2026-08-19","https://eliexplains.org/subjects/criminal-justice-and-criminology/labeling-theory"
"1","criminal-justice-and-criminology","Criminal Justice & Criminology","criminology","routine-activity-theory","Routine Activity Theory","PUBLISHED","PUBLISHED","5","2026-08-19","https://eliexplains.org/subjects/criminal-justice-and-criminology/routine-activity-theory"
"1","criminal-justice-and-criminology","Criminal Justice & Criminology","criminology","crime-data-and-crime-statistics","Crime Data and Crime Statistics","PUBLISHED","PUBLISHED","5","2026-08-19","https://eliexplains.org/subjects/criminal-justice-and-criminology/crime-data-and-crime-statistics"
"1","engineering-fundamentals","Engineering Fundamentals","engineering-thinking","what-engineers-do","What Engineers Do","PUBLISHED","PUBLISHED","5","2026-08-19","https://eliexplains.org/subjects/engineering-fundamentals/what-engineers-do"
"1","engineering-fundamentals","Engineering Fundamentals","engineering-thinking","engineering-design-process","Engineering Design Process","PUBLISHED","PUBLISHED","5","2026-08-19","https://eliexplains.org/subjects/engineering-fundamentals/engineering-design-process"
"1","engineering-fundamentals","Engineering Fundamentals","engineering-thinking","engineering-constraints-and-tradeoffs","Engineering Constraints and Tradeoffs","PUBLISHED","PUBLISHED","5","2026-08-19","https://eliexplains.org/subjects/engineering-fundamentals/engineering-constraints-and-tradeoffs"
"1","engineering-fundamentals","Engineering Fundamentals","engineering-thinking","units-measurement-and-significant-figures","Units, Measurement, and Significant Figures","PUBLISHED","PUBLISHED","5","2026-08-19","https://eliexplains.org/subjects/engineering-fundamentals/units-measurement-and-significant-figures"
"1","engineering-fundamentals","Engineering Fundamentals","engineering-thinking","estimation-and-order-of-magnitude","Estimation and Order of Magnitude","PUBLISHED","PUBLISHED","5","2026-08-19","https://eliexplains.org/subjects/engineering-fundamentals/estimation-and-order-of-magnitude"
"1","engineering-fundamentals","Engineering Fundamentals","mechanics","force-and-motion","Force and Motion","PUBLISHED","PUBLISHED","5","2026-08-19","https://eliexplains.org/subjects/engineering-fundamentals/force-and-motion"
"1","engineering-fundamentals","Engineering Fundamentals","mechanics","free-body-diagrams","Free-Body Diagrams","PUBLISHED","PUBLISHED","5","2026-08-19","https://eliexplains.org/subjects/engineering-fundamentals/free-body-diagrams"
"1","engineering-fundamentals","Engineering Fundamentals","mechanics","statics","Statics","PUBLISHED","PUBLISHED","5","2026-08-19","https://eliexplains.org/subjects/engineering-fundamentals/statics"
"1","engineering-fundamentals","Engineering Fundamentals","mechanics","dynamics","Dynamics","PUBLISHED","PUBLISHED","5","2026-08-19","https://eliexplains.org/subjects/engineering-fundamentals/dynamics"
"1","engineering-fundamentals","Engineering Fundamentals","mechanics","work-and-energy","Work and Energy","PUBLISHED","PUBLISHED","5","2026-08-19","https://eliexplains.org/subjects/engineering-fundamentals/work-and-energy"
"1","engineering-fundamentals","Engineering Fundamentals","mechanics","momentum","Momentum","PUBLISHED","PUBLISHED","5","2026-08-19","https://eliexplains.org/subjects/engineering-fundamentals/momentum"
"1","engineering-fundamentals","Engineering Fundamentals","materials","material-properties","Material Properties","PUBLISHED","PUBLISHED","5","2026-08-19","https://eliexplains.org/subjects/engineering-fundamentals/material-properties"
"1","engineering-fundamentals","Engineering Fundamentals","materials","stress-and-strain","Stress and Strain","PUBLISHED","PUBLISHED","5","2026-08-19","https://eliexplains.org/subjects/engineering-fundamentals/stress-and-strain"
"1","engineering-fundamentals","Engineering Fundamentals","materials","material-selection","Material Selection","PUBLISHED","PUBLISHED","5","2026-08-19","https://eliexplains.org/subjects/engineering-fundamentals/material-selection"
"1","engineering-fundamentals","Engineering Fundamentals","electrical-fundamentals","voltage-current-and-resistance","Voltage, Current, and Resistance","PUBLISHED","PUBLISHED","5","2026-08-19","https://eliexplains.org/subjects/engineering-fundamentals/voltage-current-and-resistance"
"1","engineering-fundamentals","Engineering Fundamentals","electrical-fundamentals","ohm-s-law","Ohm's Law","PUBLISHED","PUBLISHED","5","2026-08-19","https://eliexplains.org/subjects/engineering-fundamentals/ohm-s-law"
"1","engineering-fundamentals","Engineering Fundamentals","electrical-fundamentals","series-and-parallel-circuits","Series and Parallel Circuits","PUBLISHED","PUBLISHED","5","2026-08-19","https://eliexplains.org/subjects/engineering-fundamentals/series-and-parallel-circuits"
"1","engineering-fundamentals","Engineering Fundamentals","electrical-fundamentals","electrical-power","Electrical Power","PUBLISHED","PUBLISHED","5","2026-08-19","https://eliexplains.org/subjects/engineering-fundamentals/electrical-power"
"1","engineering-fundamentals","Engineering Fundamentals","thermal-and-energy-systems","temperature-versus-heat","Temperature Versus Heat","PUBLISHED","PUBLISHED","5","2026-08-19","https://eliexplains.org/subjects/engineering-fundamentals/temperature-versus-heat"
"1","engineering-fundamentals","Engineering Fundamentals","thermal-and-energy-systems","first-law-of-thermodynamics","First Law of Thermodynamics","PUBLISHED","PUBLISHED","5","2026-08-19","https://eliexplains.org/subjects/engineering-fundamentals/first-law-of-thermodynamics"
"1","engineering-fundamentals","Engineering Fundamentals","thermal-and-energy-systems","heat-transfer","Heat Transfer","PUBLISHED","PUBLISHED","5","2026-08-19","https://eliexplains.org/subjects/engineering-fundamentals/heat-transfer"
"1","engineering-fundamentals","Engineering Fundamentals","engineering-practice","technical-drawing","Technical Drawing","PUBLISHED","PUBLISHED","5","2026-08-19","https://eliexplains.org/subjects/engineering-fundamentals/technical-drawing"
"1","engineering-fundamentals","Engineering Fundamentals","engineering-practice","cad-basics","CAD Basics","PUBLISHED","PUBLISHED","5","2026-08-19","https://eliexplains.org/subjects/engineering-fundamentals/cad-basics"
"1","engineering-fundamentals","Engineering Fundamentals","engineering-practice","prototyping","Prototyping","PUBLISHED","PUBLISHED","5","2026-08-19","https://eliexplains.org/subjects/engineering-fundamentals/prototyping"
"1","engineering-fundamentals","Engineering Fundamentals","engineering-practice","testing-and-validation","Testing and Validation","PUBLISHED","PUBLISHED","5","2026-08-19","https://eliexplains.org/subjects/engineering-fundamentals/testing-and-validation"
"1","engineering-fundamentals","Engineering Fundamentals","engineering-practice","engineering-ethics","Engineering Ethics","PUBLISHED","PUBLISHED","5","2026-08-19","https://eliexplains.org/subjects/engineering-fundamentals/engineering-ethics"
"1","engineering-fundamentals","Engineering Fundamentals","engineering-practice","safety-factors-and-failure","Safety Factors and Failure","PUBLISHED","PUBLISHED","5","2026-08-19","https://eliexplains.org/subjects/engineering-fundamentals/safety-factors-and-failure"
"1","engineering-fundamentals","Engineering Fundamentals","engineering-practice","engineering-communication","Engineering Communication","PUBLISHED","PUBLISHED","5","2026-08-19","https://eliexplains.org/subjects/engineering-fundamentals/engineering-communication"
"1","health-administration","Health Administration","healthcare-systems","how-healthcare-systems-work","How Healthcare Systems Work","PUBLISHED","PUBLISHED","5","2026-08-19","https://eliexplains.org/subjects/health-administration/how-healthcare-systems-work"
"1","health-administration","Health Administration","healthcare-systems","healthcare-delivery-settings","Healthcare Delivery Settings","PUBLISHED","PUBLISHED","5","2026-08-19","https://eliexplains.org/subjects/health-administration/healthcare-delivery-settings"
"1","health-administration","Health Administration","healthcare-systems","healthcare-professionals-and-organizations","Healthcare Professionals and Organizations","PUBLISHED","PUBLISHED","5","2026-08-19","https://eliexplains.org/subjects/health-administration/healthcare-professionals-and-organizations"
"1","health-administration","Health Administration","financing","health-insurance-basics","Health Insurance Basics","PUBLISHED","PUBLISHED","5","2026-08-19","https://eliexplains.org/subjects/health-administration/health-insurance-basics"
"1","health-administration","Health Administration","financing","medicare-and-medicaid-basics","Medicare and Medicaid Basics","PUBLISHED","PUBLISHED","5","2026-08-19","https://eliexplains.org/subjects/health-administration/medicare-and-medicaid-basics"
"1","health-administration","Health Administration","financing","healthcare-billing-fundamentals","Healthcare Billing Fundamentals","PUBLISHED","PUBLISHED","5","2026-08-19","https://eliexplains.org/subjects/health-administration/healthcare-billing-fundamentals"
"1","health-administration","Health Administration","financing","revenue-cycle-basics","Revenue Cycle Basics","PUBLISHED","PUBLISHED","5","2026-08-19","https://eliexplains.org/subjects/health-administration/revenue-cycle-basics"
"1","health-administration","Health Administration","financing","healthcare-costs","Healthcare Costs","PUBLISHED","PUBLISHED","5","2026-08-19","https://eliexplains.org/subjects/health-administration/healthcare-costs"
"1","health-administration","Health Administration","administration","healthcare-operations","Healthcare Operations","PUBLISHED","PUBLISHED","5","2026-08-19","https://eliexplains.org/subjects/health-administration/healthcare-operations"
"1","health-administration","Health Administration","administration","staffing-and-workforce-management","Staffing and Workforce Management","PUBLISHED","PUBLISHED","5","2026-08-19","https://eliexplains.org/subjects/health-administration/staffing-and-workforce-management"
"1","health-administration","Health Administration","administration","healthcare-leadership","Healthcare Leadership","PUBLISHED","PUBLISHED","5","2026-08-19","https://eliexplains.org/subjects/health-administration/healthcare-leadership"
"1","health-administration","Health Administration","administration","organizational-culture","Organizational Culture","PUBLISHED","PUBLISHED","5","2026-08-19","https://eliexplains.org/subjects/health-administration/organizational-culture"
"1","health-administration","Health Administration","quality-and-safety","healthcare-quality","Healthcare Quality","PUBLISHED","PUBLISHED","5","2026-08-19","https://eliexplains.org/subjects/health-administration/healthcare-quality"
"1","health-administration","Health Administration","quality-and-safety","quality-improvement","Quality Improvement","PUBLISHED","PUBLISHED","5","2026-08-19","https://eliexplains.org/subjects/health-administration/quality-improvement"
"1","health-administration","Health Administration","quality-and-safety","patient-safety","Patient Safety","PUBLISHED","PUBLISHED","5","2026-08-19","https://eliexplains.org/subjects/health-administration/patient-safety"
"1","health-administration","Health Administration","quality-and-safety","root-cause-analysis","Root Cause Analysis","PUBLISHED","PUBLISHED","5","2026-08-19","https://eliexplains.org/subjects/health-administration/root-cause-analysis"
"1","health-administration","Health Administration","information","electronic-health-records","Electronic Health Records","PUBLISHED","PUBLISHED","5","2026-08-19","https://eliexplains.org/subjects/health-administration/electronic-health-records"
"1","health-administration","Health Administration","information","health-information-management","Health Information Management","PUBLISHED","PUBLISHED","5","2026-08-19","https://eliexplains.org/subjects/health-administration/health-information-management"
"1","health-administration","Health Administration","information","healthcare-data-and-analytics","Healthcare Data and Analytics","PUBLISHED","PUBLISHED","5","2026-08-19","https://eliexplains.org/subjects/health-administration/healthcare-data-and-analytics"
"1","health-administration","Health Administration","law-and-policy","patient-privacy","Patient Privacy","PUBLISHED","PUBLISHED","5","2026-08-19","https://eliexplains.org/subjects/health-administration/patient-privacy"
"1","health-administration","Health Administration","law-and-policy","hipaa-foundations","HIPAA Foundations","PUBLISHED","PUBLISHED","5","2026-08-19","https://eliexplains.org/subjects/health-administration/hipaa-foundations"
"1","health-administration","Health Administration","law-and-policy","healthcare-regulation","Healthcare Regulation","PUBLISHED","PUBLISHED","5","2026-08-19","https://eliexplains.org/subjects/health-administration/healthcare-regulation"
"1","health-administration","Health Administration","law-and-policy","health-policy","Health Policy","PUBLISHED","PUBLISHED","5","2026-08-19","https://eliexplains.org/subjects/health-administration/health-policy"
"1","health-administration","Health Administration","law-and-policy","ethics-in-healthcare-administration","Ethics in Healthcare Administration","PUBLISHED","PUBLISHED","5","2026-08-19","https://eliexplains.org/subjects/health-administration/ethics-in-healthcare-administration"
"1","hospitality-and-tourism","Hospitality & Tourism","foundations","foundations-of-hospitality","Foundations of Hospitality","PUBLISHED","PUBLISHED","5","2026-08-19","https://eliexplains.org/subjects/hospitality-and-tourism/foundations-of-hospitality"
"1","hospitality-and-tourism","Hospitality & Tourism","foundations","hospitality-industry-structure","Hospitality Industry Structure","PUBLISHED","PUBLISHED","5","2026-08-19","https://eliexplains.org/subjects/hospitality-and-tourism/hospitality-industry-structure"
"1","hospitality-and-tourism","Hospitality & Tourism","foundations","customer-service","Customer Service","PUBLISHED","PUBLISHED","5","2026-08-19","https://eliexplains.org/subjects/hospitality-and-tourism/customer-service"
"1","hospitality-and-tourism","Hospitality & Tourism","foundations","guest-experience","Guest Experience","PUBLISHED","PUBLISHED","5","2026-08-19","https://eliexplains.org/subjects/hospitality-and-tourism/guest-experience"
"1","hospitality-and-tourism","Hospitality & Tourism","foundations","hotel-operations","Hotel Operations","PUBLISHED","PUBLISHED","5","2026-08-19","https://eliexplains.org/subjects/hospitality-and-tourism/hotel-operations"
"1","hospitality-and-tourism","Hospitality & Tourism","foundations","front-office-operations","Front Office Operations","PUBLISHED","PUBLISHED","5","2026-08-19","https://eliexplains.org/subjects/hospitality-and-tourism/front-office-operations"
"1","hospitality-and-tourism","Hospitality & Tourism","foundations","housekeeping-operations","Housekeeping Operations","PUBLISHED","PUBLISHED","5","2026-08-19","https://eliexplains.org/subjects/hospitality-and-tourism/housekeeping-operations"
"1","hospitality-and-tourism","Hospitality & Tourism","foundations","food-and-beverage-operations","Food and Beverage Operations","PUBLISHED","PUBLISHED","5","2026-08-19","https://eliexplains.org/subjects/hospitality-and-tourism/food-and-beverage-operations"
"1","hospitality-and-tourism","Hospitality & Tourism","foundations","food-safety","Food Safety","PUBLISHED","PUBLISHED","5","2026-08-19","https://eliexplains.org/subjects/hospitality-and-tourism/food-safety"
"1","hospitality-and-tourism","Hospitality & Tourism","foundations","event-planning","Event Planning","PUBLISHED","PUBLISHED","5","2026-08-19","https://eliexplains.org/subjects/hospitality-and-tourism/event-planning"
"1","hospitality-and-tourism","Hospitality & Tourism","foundations","revenue-management","Revenue Management","PUBLISHED","PUBLISHED","5","2026-08-19","https://eliexplains.org/subjects/hospitality-and-tourism/revenue-management"
"1","hospitality-and-tourism","Hospitality & Tourism","foundations","pricing-and-occupancy","Pricing and Occupancy","PUBLISHED","PUBLISHED","5","2026-08-19","https://eliexplains.org/subjects/hospitality-and-tourism/pricing-and-occupancy"
"1","hospitality-and-tourism","Hospitality & Tourism","foundations","tourism-systems","Tourism Systems","PUBLISHED","PUBLISHED","5","2026-08-19","https://eliexplains.org/subjects/hospitality-and-tourism/tourism-systems"
"1","hospitality-and-tourism","Hospitality & Tourism","foundations","destination-marketing","Destination Marketing","PUBLISHED","PUBLISHED","5","2026-08-19","https://eliexplains.org/subjects/hospitality-and-tourism/destination-marketing"
"1","hospitality-and-tourism","Hospitality & Tourism","foundations","tourism-economics","Tourism Economics","PUBLISHED","PUBLISHED","5","2026-08-19","https://eliexplains.org/subjects/hospitality-and-tourism/tourism-economics"
"1","hospitality-and-tourism","Hospitality & Tourism","foundations","sustainable-tourism","Sustainable Tourism","PUBLISHED","PUBLISHED","5","2026-08-19","https://eliexplains.org/subjects/hospitality-and-tourism/sustainable-tourism"
"1","hospitality-and-tourism","Hospitality & Tourism","foundations","hospitality-marketing","Hospitality Marketing","PUBLISHED","PUBLISHED","5","2026-08-19","https://eliexplains.org/subjects/hospitality-and-tourism/hospitality-marketing"
"1","hospitality-and-tourism","Hospitality & Tourism","foundations","service-recovery","Service Recovery","PUBLISHED","PUBLISHED","5","2026-08-19","https://eliexplains.org/subjects/hospitality-and-tourism/service-recovery"
"1","hospitality-and-tourism","Hospitality & Tourism","foundations","employee-management","Employee Management","PUBLISHED","PUBLISHED","5","2026-08-19","https://eliexplains.org/subjects/hospitality-and-tourism/employee-management"
"1","hospitality-and-tourism","Hospitality & Tourism","foundations","hospitality-technology","Hospitality Technology","PUBLISHED","PUBLISHED","5","2026-08-19","https://eliexplains.org/subjects/hospitality-and-tourism/hospitality-technology"
"1","graphic-design-and-digital-media","Graphic Design & Digital Media","foundations","what-graphic-design-is","What Graphic Design Is","PUBLISHED","PUBLISHED","5","2026-08-19","https://eliexplains.org/subjects/graphic-design-and-digital-media/what-graphic-design-is"
"1","graphic-design-and-digital-media","Graphic Design & Digital Media","foundations","elements-of-design","Elements of Design","PUBLISHED","PUBLISHED","5","2026-08-19","https://eliexplains.org/subjects/graphic-design-and-digital-media/elements-of-design"
"1","graphic-design-and-digital-media","Graphic Design & Digital Media","foundations","principles-of-design","Principles of Design","PUBLISHED","PUBLISHED","5","2026-08-19","https://eliexplains.org/subjects/graphic-design-and-digital-media/principles-of-design"
"1","graphic-design-and-digital-media","Graphic Design & Digital Media","foundations","visual-hierarchy","Visual Hierarchy","PUBLISHED","PUBLISHED","5","2026-08-19","https://eliexplains.org/subjects/graphic-design-and-digital-media/visual-hierarchy"
"1","graphic-design-and-digital-media","Graphic Design & Digital Media","foundations","composition","Composition","PUBLISHED","PUBLISHED","5","2026-08-19","https://eliexplains.org/subjects/graphic-design-and-digital-media/composition"
"1","graphic-design-and-digital-media","Graphic Design & Digital Media","foundations","balance","Balance","PUBLISHED","PUBLISHED","5","2026-08-19","https://eliexplains.org/subjects/graphic-design-and-digital-media/balance"
"1","graphic-design-and-digital-media","Graphic Design & Digital Media","foundations","contrast","Contrast","PUBLISHED","PUBLISHED","5","2026-08-19","https://eliexplains.org/subjects/graphic-design-and-digital-media/contrast"
"1","graphic-design-and-digital-media","Graphic Design & Digital Media","foundations","color-theory","Color Theory","PUBLISHED","PUBLISHED","5","2026-08-19","https://eliexplains.org/subjects/graphic-design-and-digital-media/color-theory"
"1","graphic-design-and-digital-media","Graphic Design & Digital Media","foundations","color-models-rgb-and-cmyk","Color Models: RGB and CMYK","PUBLISHED","PUBLISHED","5","2026-08-19","https://eliexplains.org/subjects/graphic-design-and-digital-media/color-models-rgb-and-cmyk"
"1","graphic-design-and-digital-media","Graphic Design & Digital Media","foundations","typography-basics","Typography Basics","PUBLISHED","PUBLISHED","5","2026-08-19","https://eliexplains.org/subjects/graphic-design-and-digital-media/typography-basics"
"1","graphic-design-and-digital-media","Graphic Design & Digital Media","foundations","typeface-classification","Typeface Classification","PUBLISHED","PUBLISHED","5","2026-08-19","https://eliexplains.org/subjects/graphic-design-and-digital-media/typeface-classification"
"1","graphic-design-and-digital-media","Graphic Design & Digital Media","foundations","typography-hierarchy","Typography Hierarchy","PUBLISHED","PUBLISHED","5","2026-08-19","https://eliexplains.org/subjects/graphic-design-and-digital-media/typography-hierarchy"
"1","graphic-design-and-digital-media","Graphic Design & Digital Media","foundations","grid-systems","Grid Systems","PUBLISHED","PUBLISHED","5","2026-08-19","https://eliexplains.org/subjects/graphic-design-and-digital-media/grid-systems"
"1","graphic-design-and-digital-media","Graphic Design & Digital Media","foundations","layout","Layout","PUBLISHED","PUBLISHED","5","2026-08-19","https://eliexplains.org/subjects/graphic-design-and-digital-media/layout"
"1","graphic-design-and-digital-media","Graphic Design & Digital Media","foundations","branding","Branding","PUBLISHED","PUBLISHED","5","2026-08-19","https://eliexplains.org/subjects/graphic-design-and-digital-media/branding"
"1","graphic-design-and-digital-media","Graphic Design & Digital Media","foundations","logo-design-principles","Logo Design Principles","PUBLISHED","PUBLISHED","5","2026-08-19","https://eliexplains.org/subjects/graphic-design-and-digital-media/logo-design-principles"
"1","graphic-design-and-digital-media","Graphic Design & Digital Media","foundations","image-resolution","Image Resolution","PUBLISHED","PUBLISHED","5","2026-08-19","https://eliexplains.org/subjects/graphic-design-and-digital-media/image-resolution"
"1","graphic-design-and-digital-media","Graphic Design & Digital Media","foundations","raster-versus-vector","Raster Versus Vector","PUBLISHED","PUBLISHED","5","2026-08-19","https://eliexplains.org/subjects/graphic-design-and-digital-media/raster-versus-vector"
"1","graphic-design-and-digital-media","Graphic Design & Digital Media","foundations","file-formats","File Formats","PUBLISHED","PUBLISHED","5","2026-08-19","https://eliexplains.org/subjects/graphic-design-and-digital-media/file-formats"
"1","graphic-design-and-digital-media","Graphic Design & Digital Media","foundations","photography-fundamentals","Photography Fundamentals","PUBLISHED","PUBLISHED","5","2026-08-19","https://eliexplains.org/subjects/graphic-design-and-digital-media/photography-fundamentals"
"1","graphic-design-and-digital-media","Graphic Design & Digital Media","foundations","photo-editing","Photo Editing","PUBLISHED","PUBLISHED","5","2026-08-19","https://eliexplains.org/subjects/graphic-design-and-digital-media/photo-editing"
"1","graphic-design-and-digital-media","Graphic Design & Digital Media","foundations","digital-illustration","Digital Illustration","PUBLISHED","PUBLISHED","5","2026-08-19","https://eliexplains.org/subjects/graphic-design-and-digital-media/digital-illustration"
"1","graphic-design-and-digital-media","Graphic Design & Digital Media","foundations","social-media-graphics","Social Media Graphics","PUBLISHED","PUBLISHED","5","2026-08-19","https://eliexplains.org/subjects/graphic-design-and-digital-media/social-media-graphics"
"1","graphic-design-and-digital-media","Graphic Design & Digital Media","foundations","video-basics","Video Basics","PUBLISHED","PUBLISHED","5","2026-08-19","https://eliexplains.org/subjects/graphic-design-and-digital-media/video-basics"
"1","graphic-design-and-digital-media","Graphic Design & Digital Media","foundations","copyright-and-image-licensing","Copyright and Image Licensing","PUBLISHED","PUBLISHED","5","2026-08-19","https://eliexplains.org/subjects/graphic-design-and-digital-media/copyright-and-image-licensing"
"1","graphic-design-and-digital-media","Graphic Design & Digital Media","foundations","creative-commons","Creative Commons","PUBLISHED","PUBLISHED","5","2026-08-19","https://eliexplains.org/subjects/graphic-design-and-digital-media/creative-commons"
"1","graphic-design-and-digital-media","Graphic Design & Digital Media","foundations","accessibility-in-graphic-design","Accessibility in Graphic Design","PUBLISHED","PUBLISHED","5","2026-08-19","https://eliexplains.org/subjects/graphic-design-and-digital-media/accessibility-in-graphic-design"
"1","graphic-design-and-digital-media","Graphic Design & Digital Media","foundations","building-a-design-portfolio","Building a Design Portfolio","PUBLISHED","PUBLISHED","5","2026-08-19","https://eliexplains.org/subjects/graphic-design-and-digital-media/building-a-design-portfolio"
"1","environmental-sustainability","Environmental Sustainability","foundations","what-sustainability-means","What Sustainability Means","PUBLISHED","PUBLISHED","5","2026-08-19","https://eliexplains.org/subjects/environmental-sustainability/what-sustainability-means"
"1","environmental-sustainability","Environmental Sustainability","foundations","three-dimensions-of-sustainability","Three Dimensions of Sustainability","PUBLISHED","PUBLISHED","5","2026-08-19","https://eliexplains.org/subjects/environmental-sustainability/three-dimensions-of-sustainability"
"1","environmental-sustainability","Environmental Sustainability","foundations","ecosystems-and-natural-resources","Ecosystems and Natural Resources","PUBLISHED","PUBLISHED","5","2026-08-19","https://eliexplains.org/subjects/environmental-sustainability/ecosystems-and-natural-resources"
"1","environmental-sustainability","Environmental Sustainability","foundations","climate-change-basics","Climate Change Basics","PUBLISHED","PUBLISHED","5","2026-08-19","https://eliexplains.org/subjects/environmental-sustainability/climate-change-basics"
"1","environmental-sustainability","Environmental Sustainability","foundations","greenhouse-gases","Greenhouse Gases","PUBLISHED","PUBLISHED","5","2026-08-19","https://eliexplains.org/subjects/environmental-sustainability/greenhouse-gases"
"1","environmental-sustainability","Environmental Sustainability","foundations","carbon-footprints","Carbon Footprints","PUBLISHED","PUBLISHED","5","2026-08-19","https://eliexplains.org/subjects/environmental-sustainability/carbon-footprints"
"1","environmental-sustainability","Environmental Sustainability","foundations","energy-use","Energy Use","PUBLISHED","PUBLISHED","5","2026-08-19","https://eliexplains.org/subjects/environmental-sustainability/energy-use"
"1","environmental-sustainability","Environmental Sustainability","foundations","renewable-energy","Renewable Energy","PUBLISHED","PUBLISHED","5","2026-08-19","https://eliexplains.org/subjects/environmental-sustainability/renewable-energy"
"1","environmental-sustainability","Environmental Sustainability","foundations","solar-energy","Solar Energy","PUBLISHED","PUBLISHED","5","2026-08-19","https://eliexplains.org/subjects/environmental-sustainability/solar-energy"
"1","environmental-sustainability","Environmental Sustainability","foundations","wind-energy","Wind Energy","PUBLISHED","PUBLISHED","5","2026-08-19","https://eliexplains.org/subjects/environmental-sustainability/wind-energy"
"1","environmental-sustainability","Environmental Sustainability","foundations","energy-efficiency","Energy Efficiency","PUBLISHED","PUBLISHED","5","2026-08-19","https://eliexplains.org/subjects/environmental-sustainability/energy-efficiency"
"1","environmental-sustainability","Environmental Sustainability","foundations","sustainable-transportation","Sustainable Transportation","PUBLISHED","PUBLISHED","5","2026-08-19","https://eliexplains.org/subjects/environmental-sustainability/sustainable-transportation"
"1","environmental-sustainability","Environmental Sustainability","foundations","sustainable-food-systems","Sustainable Food Systems","PUBLISHED","PUBLISHED","5","2026-08-19","https://eliexplains.org/subjects/environmental-sustainability/sustainable-food-systems"
"1","environmental-sustainability","Environmental Sustainability","foundations","water-sustainability","Water Sustainability","PUBLISHED","PUBLISHED","5","2026-08-19","https://eliexplains.org/subjects/environmental-sustainability/water-sustainability"
"1","environmental-sustainability","Environmental Sustainability","foundations","waste-management","Waste Management","PUBLISHED","PUBLISHED","5","2026-08-19","https://eliexplains.org/subjects/environmental-sustainability/waste-management"
"1","environmental-sustainability","Environmental Sustainability","foundations","recycling","Recycling","PUBLISHED","PUBLISHED","5","2026-08-19","https://eliexplains.org/subjects/environmental-sustainability/recycling"
"1","environmental-sustainability","Environmental Sustainability","foundations","circular-economy","Circular Economy","PUBLISHED","PUBLISHED","5","2026-08-19","https://eliexplains.org/subjects/environmental-sustainability/circular-economy"
"1","environmental-sustainability","Environmental Sustainability","foundations","sustainable-buildings","Sustainable Buildings","PUBLISHED","PUBLISHED","5","2026-08-19","https://eliexplains.org/subjects/environmental-sustainability/sustainable-buildings"
"1","environmental-sustainability","Environmental Sustainability","foundations","environmental-justice","Environmental Justice","PUBLISHED","PUBLISHED","5","2026-08-19","https://eliexplains.org/subjects/environmental-sustainability/environmental-justice"
"1","environmental-sustainability","Environmental Sustainability","foundations","sustainable-cities","Sustainable Cities","PUBLISHED","PUBLISHED","5","2026-08-19","https://eliexplains.org/subjects/environmental-sustainability/sustainable-cities"
"1","environmental-sustainability","Environmental Sustainability","foundations","corporate-sustainability","Corporate Sustainability","PUBLISHED","PUBLISHED","5","2026-08-19","https://eliexplains.org/subjects/environmental-sustainability/corporate-sustainability"
"1","environmental-sustainability","Environmental Sustainability","foundations","esg-basics","ESG Basics","PUBLISHED","PUBLISHED","5","2026-08-19","https://eliexplains.org/subjects/environmental-sustainability/esg-basics"
"1","environmental-sustainability","Environmental Sustainability","foundations","life-cycle-assessment","Life-Cycle Assessment","PUBLISHED","PUBLISHED","5","2026-08-19","https://eliexplains.org/subjects/environmental-sustainability/life-cycle-assessment"
"1","environmental-sustainability","Environmental Sustainability","foundations","sustainability-policy","Sustainability Policy","PUBLISHED","PUBLISHED","5","2026-08-19","https://eliexplains.org/subjects/environmental-sustainability/sustainability-policy"
"1","environmental-sustainability","Environmental Sustainability","foundations","part-ii-computer-and-technology","PART II — COMPUTER & TECHNOLOGY","PUBLISHED","PUBLISHED","5","2026-08-19","https://eliexplains.org/subjects/environmental-sustainability/part-ii-computer-and-technology"
"1","computer-literacy","Computer Literacy","foundations","computer-hardware","Computer Hardware","PUBLISHED","PUBLISHED","5","2026-08-19","https://eliexplains.org/subjects/computer-literacy/computer-hardware"
"1","computer-literacy","Computer Literacy","foundations","cpu-ram-and-storage","CPU, RAM, and Storage","PUBLISHED","PUBLISHED","5","2026-08-19","https://eliexplains.org/subjects/computer-literacy/cpu-ram-and-storage"
"1","computer-literacy","Computer Literacy","foundations","input-and-output-devices","Input and Output Devices","PUBLISHED","PUBLISHED","5","2026-08-19","https://eliexplains.org/subjects/computer-literacy/input-and-output-devices"
"1","computer-literacy","Computer Literacy","foundations","software","Software","PUBLISHED","PUBLISHED","5","2026-08-19","https://eliexplains.org/subjects/computer-literacy/software"
"1","computer-literacy","Computer Literacy","foundations","operating-systems","Operating Systems","PUBLISHED","PUBLISHED","5","2026-08-19","https://eliexplains.org/subjects/computer-literacy/operating-systems"
"1","computer-literacy","Computer Literacy","foundations","files-and-folders","Files and Folders","PUBLISHED","PUBLISHED","5","2026-08-19","https://eliexplains.org/subjects/computer-literacy/files-and-folders"
"1","computer-literacy","Computer Literacy","foundations","file-extensions","File Extensions","PUBLISHED","PUBLISHED","5","2026-08-19","https://eliexplains.org/subjects/computer-literacy/file-extensions"
"1","computer-literacy","Computer Literacy","foundations","installing-and-updating-software","Installing and Updating Software","PUBLISHED","PUBLISHED","5","2026-08-19","https://eliexplains.org/subjects/computer-literacy/installing-and-updating-software"
"1","computer-literacy","Computer Literacy","foundations","internet-basics","Internet Basics","PUBLISHED","PUBLISHED","5","2026-08-19","https://eliexplains.org/subjects/computer-literacy/internet-basics"
"1","computer-literacy","Computer Literacy","foundations","how-the-web-works","How the Web Works","PUBLISHED","PUBLISHED","5","2026-08-19","https://eliexplains.org/subjects/computer-literacy/how-the-web-works"
"1","computer-literacy","Computer Literacy","foundations","browsers","Browsers","PUBLISHED","PUBLISHED","5","2026-08-19","https://eliexplains.org/subjects/computer-literacy/browsers"
"1","computer-literacy","Computer Literacy","foundations","search-engines","Search Engines","PUBLISHED","PUBLISHED","5","2026-08-19","https://eliexplains.org/subjects/computer-literacy/search-engines"
"1","computer-literacy","Computer Literacy","foundations","email-basics","Email Basics","PUBLISHED","PUBLISHED","5","2026-08-19","https://eliexplains.org/subjects/computer-literacy/email-basics"
"1","computer-literacy","Computer Literacy","foundations","cloud-storage","Cloud Storage","PUBLISHED","PUBLISHED","5","2026-08-19","https://eliexplains.org/subjects/computer-literacy/cloud-storage"
"1","computer-literacy","Computer Literacy","foundations","collaboration-platforms","Collaboration Platforms","PUBLISHED","PUBLISHED","5","2026-08-19","https://eliexplains.org/subjects/computer-literacy/collaboration-platforms"
"1","computer-literacy","Computer Literacy","foundations","word-processing","Word Processing","PUBLISHED","PUBLISHED","5","2026-08-19","https://eliexplains.org/subjects/computer-literacy/word-processing"
"1","computer-literacy","Computer Literacy","foundations","spreadsheets","Spreadsheets","PUBLISHED","PUBLISHED","5","2026-08-19","https://eliexplains.org/subjects/computer-literacy/spreadsheets"
"1","computer-literacy","Computer Literacy","foundations","presentation-software","Presentation Software","PUBLISHED","PUBLISHED","5","2026-08-19","https://eliexplains.org/subjects/computer-literacy/presentation-software"
"1","computer-literacy","Computer Literacy","foundations","password-security","Password Security","PUBLISHED","PUBLISHED","5","2026-08-19","https://eliexplains.org/subjects/computer-literacy/password-security"
"1","computer-literacy","Computer Literacy","foundations","multifactor-authentication","Multifactor Authentication","PUBLISHED","PUBLISHED","5","2026-08-19","https://eliexplains.org/subjects/computer-literacy/multifactor-authentication"
"1","computer-literacy","Computer Literacy","foundations","phishing","Phishing","PUBLISHED","PUBLISHED","5","2026-08-19","https://eliexplains.org/subjects/computer-literacy/phishing"
"1","computer-literacy","Computer Literacy","foundations","malware","Malware","PUBLISHED","PUBLISHED","5","2026-08-19","https://eliexplains.org/subjects/computer-literacy/malware"
"1","computer-literacy","Computer Literacy","foundations","backups","Backups","PUBLISHED","PUBLISHED","5","2026-08-19","https://eliexplains.org/subjects/computer-literacy/backups"
"1","computer-literacy","Computer Literacy","foundations","privacy","Privacy","PUBLISHED","PUBLISHED","5","2026-08-19","https://eliexplains.org/subjects/computer-literacy/privacy"
"1","computer-literacy","Computer Literacy","foundations","digital-footprints","Digital Footprints","PUBLISHED","PUBLISHED","5","2026-08-19","https://eliexplains.org/subjects/computer-literacy/digital-footprints"
"1","computer-science-fundamentals","Computer Science Fundamentals","foundations","what-computer-science-is","What Computer Science Is","PUBLISHED","PUBLISHED","5","2026-08-19","https://eliexplains.org/subjects/computer-science-fundamentals/what-computer-science-is"
"1","computer-science-fundamentals","Computer Science Fundamentals","foundations","computational-thinking","Computational Thinking","PUBLISHED","PUBLISHED","5","2026-08-19","https://eliexplains.org/subjects/computer-science-fundamentals/computational-thinking"
"1","computer-science-fundamentals","Computer Science Fundamentals","foundations","algorithms","Algorithms","PUBLISHED","PUBLISHED","5","2026-08-19","https://eliexplains.org/subjects/computer-science-fundamentals/algorithms"
"1","computer-science-fundamentals","Computer Science Fundamentals","foundations","pseudocode","Pseudocode","PUBLISHED","PUBLISHED","5","2026-08-19","https://eliexplains.org/subjects/computer-science-fundamentals/pseudocode"
"1","computer-science-fundamentals","Computer Science Fundamentals","foundations","variables","Variables","PUBLISHED","PUBLISHED","5","2026-08-19","https://eliexplains.org/subjects/computer-science-fundamentals/variables"
"1","computer-science-fundamentals","Computer Science Fundamentals","foundations","data-types","Data Types","PUBLISHED","PUBLISHED","5","2026-08-19","https://eliexplains.org/subjects/computer-science-fundamentals/data-types"
"1","computer-science-fundamentals","Computer Science Fundamentals","foundations","operators","Operators","PUBLISHED","PUBLISHED","5","2026-08-19","https://eliexplains.org/subjects/computer-science-fundamentals/operators"
"1","computer-science-fundamentals","Computer Science Fundamentals","foundations","boolean-logic","Boolean Logic","PUBLISHED","PUBLISHED","5","2026-08-19","https://eliexplains.org/subjects/computer-science-fundamentals/boolean-logic"
"1","computer-science-fundamentals","Computer Science Fundamentals","foundations","conditional-statements","Conditional Statements","PUBLISHED","PUBLISHED","5","2026-08-19","https://eliexplains.org/subjects/computer-science-fundamentals/conditional-statements"
"1","computer-science-fundamentals","Computer Science Fundamentals","foundations","loops","Loops","PUBLISHED","PUBLISHED","5","2026-08-19","https://eliexplains.org/subjects/computer-science-fundamentals/loops"
"1","computer-science-fundamentals","Computer Science Fundamentals","foundations","functions","Functions","PUBLISHED","PUBLISHED","5","2026-08-19","https://eliexplains.org/subjects/computer-science-fundamentals/functions"
"1","computer-science-fundamentals","Computer Science Fundamentals","foundations","scope","Scope","PUBLISHED","PUBLISHED","5","2026-08-19","https://eliexplains.org/subjects/computer-science-fundamentals/scope"
"1","computer-science-fundamentals","Computer Science Fundamentals","foundations","arrays","Arrays","PUBLISHED","PUBLISHED","5","2026-08-19","https://eliexplains.org/subjects/computer-science-fundamentals/arrays"
"1","computer-science-fundamentals","Computer Science Fundamentals","foundations","lists","Lists","PUBLISHED","PUBLISHED","5","2026-08-19","https://eliexplains.org/subjects/computer-science-fundamentals/lists"
"1","computer-science-fundamentals","Computer Science Fundamentals","foundations","stacks","Stacks","PUBLISHED","PUBLISHED","5","2026-08-19","https://eliexplains.org/subjects/computer-science-fundamentals/stacks"
"1","computer-science-fundamentals","Computer Science Fundamentals","foundations","queues","Queues","PUBLISHED","PUBLISHED","5","2026-08-19","https://eliexplains.org/subjects/computer-science-fundamentals/queues"
"1","computer-science-fundamentals","Computer Science Fundamentals","foundations","dictionaries-maps","Dictionaries / Maps","PUBLISHED","PUBLISHED","5","2026-08-19","https://eliexplains.org/subjects/computer-science-fundamentals/dictionaries-maps"
"1","computer-science-fundamentals","Computer Science Fundamentals","foundations","searching","Searching","PUBLISHED","PUBLISHED","5","2026-08-19","https://eliexplains.org/subjects/computer-science-fundamentals/searching"
"1","computer-science-fundamentals","Computer Science Fundamentals","foundations","sorting","Sorting","PUBLISHED","PUBLISHED","5","2026-08-19","https://eliexplains.org/subjects/computer-science-fundamentals/sorting"
"1","computer-science-fundamentals","Computer Science Fundamentals","foundations","recursion","Recursion","PUBLISHED","PUBLISHED","5","2026-08-19","https://eliexplains.org/subjects/computer-science-fundamentals/recursion"
"1","computer-science-fundamentals","Computer Science Fundamentals","foundations","debugging","Debugging","PUBLISHED","PUBLISHED","5","2026-08-19","https://eliexplains.org/subjects/computer-science-fundamentals/debugging"
"1","computer-science-fundamentals","Computer Science Fundamentals","foundations","time-complexity","Time Complexity","PUBLISHED","PUBLISHED","5","2026-08-19","https://eliexplains.org/subjects/computer-science-fundamentals/time-complexity"
"1","computer-science-fundamentals","Computer Science Fundamentals","foundations","space-complexity","Space Complexity","PUBLISHED","PUBLISHED","5","2026-08-19","https://eliexplains.org/subjects/computer-science-fundamentals/space-complexity"
"1","computer-science-fundamentals","Computer Science Fundamentals","foundations","object-oriented-programming-basics","Object-Oriented Programming Basics","PUBLISHED","PUBLISHED","5","2026-08-19","https://eliexplains.org/subjects/computer-science-fundamentals/object-oriented-programming-basics"
"1","computer-science-fundamentals","Computer Science Fundamentals","foundations","abstraction","Abstraction","PUBLISHED","PUBLISHED","5","2026-08-19","https://eliexplains.org/subjects/computer-science-fundamentals/abstraction"
"1","computer-science-fundamentals","Computer Science Fundamentals","foundations","decomposition","Decomposition","PUBLISHED","PUBLISHED","5","2026-08-19","https://eliexplains.org/subjects/computer-science-fundamentals/decomposition"
"1","computer-science-fundamentals","Computer Science Fundamentals","foundations","software-development-life-cycle","Software Development Life Cycle","PUBLISHED","PUBLISHED","5","2026-08-19","https://eliexplains.org/subjects/computer-science-fundamentals/software-development-life-cycle"
"1","python-programming","Python Programming","foundations","installing-python","Installing Python","PUBLISHED","PUBLISHED","5","2026-08-19","https://eliexplains.org/subjects/python-programming/installing-python"
"1","python-programming","Python Programming","foundations","running-python-programs","Running Python Programs","PUBLISHED","PUBLISHED","5","2026-08-19","https://eliexplains.org/subjects/python-programming/running-python-programs"
"1","python-programming","Python Programming","foundations","python-syntax","Python Syntax","PUBLISHED","PUBLISHED","5","2026-08-19","https://eliexplains.org/subjects/python-programming/python-syntax"
"1","python-programming","Python Programming","foundations","variables","Variables","PUBLISHED","PUBLISHED","5","2026-08-19","https://eliexplains.org/subjects/python-programming/variables"
"1","python-programming","Python Programming","foundations","numbers","Numbers","PUBLISHED","PUBLISHED","5","2026-08-19","https://eliexplains.org/subjects/python-programming/numbers"
"1","python-programming","Python Programming","foundations","strings","Strings","PUBLISHED","PUBLISHED","5","2026-08-19","https://eliexplains.org/subjects/python-programming/strings"
"1","python-programming","Python Programming","foundations","booleans","Booleans","PUBLISHED","PUBLISHED","5","2026-08-19","https://eliexplains.org/subjects/python-programming/booleans"
"1","python-programming","Python Programming","foundations","type-conversion","Type Conversion","PUBLISHED","PUBLISHED","5","2026-08-19","https://eliexplains.org/subjects/python-programming/type-conversion"
"1","python-programming","Python Programming","foundations","input-and-output","Input and Output","PUBLISHED","PUBLISHED","5","2026-08-19","https://eliexplains.org/subjects/python-programming/input-and-output"
"1","python-programming","Python Programming","foundations","operators","Operators","PUBLISHED","PUBLISHED","5","2026-08-19","https://eliexplains.org/subjects/python-programming/operators"
"1","python-programming","Python Programming","foundations","conditionals","Conditionals","PUBLISHED","PUBLISHED","5","2026-08-19","https://eliexplains.org/subjects/python-programming/conditionals"
"1","python-programming","Python Programming","foundations","if-elif-and-else","if, elif, and else","PUBLISHED","PUBLISHED","5","2026-08-19","https://eliexplains.org/subjects/python-programming/if-elif-and-else"
"1","python-programming","Python Programming","foundations","for-loops","for Loops","PUBLISHED","PUBLISHED","5","2026-08-19","https://eliexplains.org/subjects/python-programming/for-loops"
"1","python-programming","Python Programming","foundations","while-loops","while Loops","PUBLISHED","PUBLISHED","5","2026-08-19","https://eliexplains.org/subjects/python-programming/while-loops"
"1","python-programming","Python Programming","foundations","lists","Lists","PUBLISHED","PUBLISHED","5","2026-08-19","https://eliexplains.org/subjects/python-programming/lists"
"1","python-programming","Python Programming","foundations","tuples","Tuples","PUBLISHED","PUBLISHED","5","2026-08-19","https://eliexplains.org/subjects/python-programming/tuples"
"1","python-programming","Python Programming","foundations","sets","Sets","PUBLISHED","PUBLISHED","5","2026-08-19","https://eliexplains.org/subjects/python-programming/sets"
"1","python-programming","Python Programming","foundations","dictionaries","Dictionaries","PUBLISHED","PUBLISHED","5","2026-08-19","https://eliexplains.org/subjects/python-programming/dictionaries"
"1","python-programming","Python Programming","foundations","functions","Functions","PUBLISHED","PUBLISHED","5","2026-08-19","https://eliexplains.org/subjects/python-programming/functions"
"1","python-programming","Python Programming","foundations","function-parameters","Function Parameters","PUBLISHED","PUBLISHED","5","2026-08-19","https://eliexplains.org/subjects/python-programming/function-parameters"
"1","python-programming","Python Programming","foundations","return-values","Return Values","PUBLISHED","PUBLISHED","5","2026-08-19","https://eliexplains.org/subjects/python-programming/return-values"
"1","python-programming","Python Programming","foundations","scope","Scope","PUBLISHED","PUBLISHED","5","2026-08-19","https://eliexplains.org/subjects/python-programming/scope"
"1","python-programming","Python Programming","foundations","string-methods","String Methods","PUBLISHED","PUBLISHED","5","2026-08-19","https://eliexplains.org/subjects/python-programming/string-methods"
"1","python-programming","Python Programming","foundations","list-comprehensions","List Comprehensions","PUBLISHED","PUBLISHED","5","2026-08-19","https://eliexplains.org/subjects/python-programming/list-comprehensions"
"1","python-programming","Python Programming","foundations","files","Files","PUBLISHED","PUBLISHED","5","2026-08-19","https://eliexplains.org/subjects/python-programming/files"
"1","python-programming","Python Programming","foundations","reading-files","Reading Files","PUBLISHED","PUBLISHED","5","2026-08-19","https://eliexplains.org/subjects/python-programming/reading-files"
"1","python-programming","Python Programming","foundations","writing-files","Writing Files","PUBLISHED","PUBLISHED","5","2026-08-19","https://eliexplains.org/subjects/python-programming/writing-files"
"1","python-programming","Python Programming","foundations","exceptions","Exceptions","PUBLISHED","PUBLISHED","5","2026-08-19","https://eliexplains.org/subjects/python-programming/exceptions"
"1","python-programming","Python Programming","foundations","modules","Modules","PUBLISHED","PUBLISHED","5","2026-08-19","https://eliexplains.org/subjects/python-programming/modules"
"1","python-programming","Python Programming","foundations","packages","Packages","PUBLISHED","PUBLISHED","5","2026-08-19","https://eliexplains.org/subjects/python-programming/packages"
"1","python-programming","Python Programming","foundations","object-oriented-programming","Object-Oriented Programming","PUBLISHED","PUBLISHED","5","2026-08-19","https://eliexplains.org/subjects/python-programming/object-oriented-programming"
"1","python-programming","Python Programming","foundations","classes-and-objects","Classes and Objects","PUBLISHED","PUBLISHED","5","2026-08-19","https://eliexplains.org/subjects/python-programming/classes-and-objects"
"1","python-programming","Python Programming","foundations","basic-testing","Basic Testing","PUBLISHED","PUBLISHED","5","2026-08-19","https://eliexplains.org/subjects/python-programming/basic-testing"
"1","python-programming","Python Programming","foundations","debugging","Debugging","PUBLISHED","PUBLISHED","5","2026-08-19","https://eliexplains.org/subjects/python-programming/debugging"
"1","python-programming","Python Programming","foundations","introductory-data-analysis","Introductory Data Analysis","PUBLISHED","PUBLISHED","5","2026-08-19","https://eliexplains.org/subjects/python-programming/introductory-data-analysis"
"1","python-programming","Python Programming","foundations","include-small-executable-examples-throughout","Include small executable examples throughout.","PUBLISHED","PUBLISHED","5","2026-08-19","https://eliexplains.org/subjects/python-programming/include-small-executable-examples-throughout"
"2","web-development","Web Development","foundations","html","HTML","READY","READY_TO_PUBLISH","5","2026-08-20",""
"2","web-development","Web Development","foundations","how-websites-work","How Websites Work","READY","READY_TO_PUBLISH","5","2026-08-20",""
"2","web-development","Web Development","foundations","html-document-structure","HTML Document Structure","READY","READY_TO_PUBLISH","5","2026-08-20",""
"2","web-development","Web Development","foundations","headings-and-paragraphs","Headings and Paragraphs","READY","READY_TO_PUBLISH","5","2026-08-20",""
"2","web-development","Web Development","foundations","links","Links","READY","READY_TO_PUBLISH","5","2026-08-20",""
"2","web-development","Web Development","foundations","images","Images","READY","READY_TO_PUBLISH","5","2026-08-20",""
"2","web-development","Web Development","foundations","lists","Lists","READY","READY_TO_PUBLISH","5","2026-08-20",""
"2","web-development","Web Development","foundations","tables","Tables","READY","READY_TO_PUBLISH","5","2026-08-20",""
"2","web-development","Web Development","foundations","semantic-html","Semantic HTML","READY","READY_TO_PUBLISH","5","2026-08-20",""
"2","web-development","Web Development","foundations","forms","Forms","READY","READY_TO_PUBLISH","5","2026-08-20",""
"2","web-development","Web Development","foundations","css","CSS","READY","READY_TO_PUBLISH","5","2026-08-20",""
"2","web-development","Web Development","foundations","css-syntax","CSS Syntax","READY","READY_TO_PUBLISH","5","2026-08-20",""
"2","web-development","Web Development","foundations","selectors","Selectors","READY","READY_TO_PUBLISH","5","2026-08-20",""
"2","web-development","Web Development","foundations","cascade","Cascade","READY","READY_TO_PUBLISH","5","2026-08-20",""
"2","web-development","Web Development","foundations","specificity","Specificity","READY","READY_TO_PUBLISH","5","2026-08-20",""
"2","web-development","Web Development","foundations","box-model","Box Model","READY","READY_TO_PUBLISH","5","2026-08-20",""
"2","web-development","Web Development","foundations","colors","Colors","READY","READY_TO_PUBLISH","5","2026-08-20",""
"2","web-development","Web Development","foundations","typography","Typography","READY","READY_TO_PUBLISH","5","2026-08-20",""
"2","web-development","Web Development","foundations","flexbox","Flexbox","READY","READY_TO_PUBLISH","5","2026-08-20",""
"2","web-development","Web Development","foundations","css-grid","CSS Grid","READY","READY_TO_PUBLISH","5","2026-08-20",""
"2","web-development","Web Development","foundations","responsive-design","Responsive Design","READY","READY_TO_PUBLISH","5","2026-08-20",""
"2","web-development","Web Development","foundations","media-queries","Media Queries","READY","READY_TO_PUBLISH","5","2026-08-20",""
"2","web-development","Web Development","foundations","javascript","JavaScript","READY","READY_TO_PUBLISH","5","2026-08-20",""
"2","web-development","Web Development","foundations","javascript-fundamentals","JavaScript Fundamentals","READY","READY_TO_PUBLISH","5","2026-08-20",""
"2","web-development","Web Development","foundations","variables","Variables","READY","READY_TO_PUBLISH","5","2026-08-20",""
"2","web-development","Web Development","foundations","functions","Functions","READY","READY_TO_PUBLISH","5","2026-08-20",""
"2","web-development","Web Development","foundations","arrays","Arrays","READY","READY_TO_PUBLISH","5","2026-08-20",""
"2","web-development","Web Development","foundations","objects","Objects","READY","READY_TO_PUBLISH","5","2026-08-20",""
"2","web-development","Web Development","foundations","dom","DOM","READY","READY_TO_PUBLISH","5","2026-08-20",""
"2","web-development","Web Development","foundations","events","Events","READY","READY_TO_PUBLISH","5","2026-08-20",""
"2","web-development","Web Development","foundations","forms","Forms","READY","READY_TO_PUBLISH","5","2026-08-20",""
"2","web-development","Web Development","foundations","fetch-api-basics","Fetch/API Basics","READY","READY_TO_PUBLISH","5","2026-08-20",""
"2","web-development","Web Development","foundations","async-programming","Async Programming","READY","READY_TO_PUBLISH","5","2026-08-20",""
"2","web-development","Web Development","foundations","web-platform","Web Platform","READY","READY_TO_PUBLISH","5","2026-08-20",""
"2","web-development","Web Development","foundations","accessibility","Accessibility","READY","READY_TO_PUBLISH","5","2026-08-20",""
"2","web-development","Web Development","foundations","wcag-basics","WCAG Basics","READY","READY_TO_PUBLISH","5","2026-08-20",""
"2","web-development","Web Development","foundations","browser-developer-tools","Browser Developer Tools","READY","READY_TO_PUBLISH","5","2026-08-20",""
"2","web-development","Web Development","foundations","http-basics","HTTP Basics","READY","READY_TO_PUBLISH","5","2026-08-20",""
"2","web-development","Web Development","foundations","domains","Domains","READY","READY_TO_PUBLISH","5","2026-08-20",""
"2","web-development","Web Development","foundations","dns","DNS","READY","READY_TO_PUBLISH","5","2026-08-20",""
"2","web-development","Web Development","foundations","web-hosting","Web Hosting","READY","READY_TO_PUBLISH","5","2026-08-20",""
"2","web-development","Web Development","foundations","git","Git","READY","READY_TO_PUBLISH","5","2026-08-20",""
"2","web-development","Web Development","foundations","github","GitHub","READY","READY_TO_PUBLISH","5","2026-08-20",""
"2","web-development","Web Development","foundations","web-security-basics","Web Security Basics","READY","READY_TO_PUBLISH","5","2026-08-20",""
"2","web-development","Web Development","foundations","xss-basics","XSS Basics","READY","READY_TO_PUBLISH","5","2026-08-20",""
"2","web-development","Web Development","foundations","https","HTTPS","READY","READY_TO_PUBLISH","5","2026-08-20",""
"2","web-development","Web Development","foundations","cookies-and-storage","Cookies and Storage","READY","READY_TO_PUBLISH","5","2026-08-20",""
"2","data-science-and-ai-literacy","Data Science & AI Literacy","foundations","what-data-science-is","What Data Science Is","READY","READY_TO_PUBLISH","5","2026-08-21",""
"2","data-science-and-ai-literacy","Data Science & AI Literacy","foundations","types-of-data","Types of Data","READY","READY_TO_PUBLISH","5","2026-08-21",""
"2","data-science-and-ai-literacy","Data Science & AI Literacy","foundations","datasets","Datasets","READY","READY_TO_PUBLISH","5","2026-08-21",""
"2","data-science-and-ai-literacy","Data Science & AI Literacy","foundations","structured-versus-unstructured-data","Structured Versus Unstructured Data","READY","READY_TO_PUBLISH","5","2026-08-21",""
"2","data-science-and-ai-literacy","Data Science & AI Literacy","foundations","data-collection","Data Collection","READY","READY_TO_PUBLISH","5","2026-08-21",""
"2","data-science-and-ai-literacy","Data Science & AI Literacy","foundations","sampling","Sampling","READY","READY_TO_PUBLISH","5","2026-08-21",""
"2","data-science-and-ai-literacy","Data Science & AI Literacy","foundations","data-cleaning","Data Cleaning","READY","READY_TO_PUBLISH","5","2026-08-21",""
"2","data-science-and-ai-literacy","Data Science & AI Literacy","foundations","missing-data","Missing Data","READY","READY_TO_PUBLISH","5","2026-08-21",""
"2","data-science-and-ai-literacy","Data Science & AI Literacy","foundations","outliers","Outliers","READY","READY_TO_PUBLISH","5","2026-08-21",""
"2","data-science-and-ai-literacy","Data Science & AI Literacy","foundations","exploratory-data-analysis","Exploratory Data Analysis","READY","READY_TO_PUBLISH","5","2026-08-21",""
"2","data-science-and-ai-literacy","Data Science & AI Literacy","foundations","visualization","Visualization","READY","READY_TO_PUBLISH","5","2026-08-21",""
"2","data-science-and-ai-literacy","Data Science & AI Literacy","foundations","correlation","Correlation","READY","READY_TO_PUBLISH","5","2026-08-21",""
"2","data-science-and-ai-literacy","Data Science & AI Literacy","foundations","prediction","Prediction","READY","READY_TO_PUBLISH","5","2026-08-21",""
"2","data-science-and-ai-literacy","Data Science & AI Literacy","foundations","machine-learning-basics","Machine Learning Basics","READY","READY_TO_PUBLISH","5","2026-08-21",""
"2","data-science-and-ai-literacy","Data Science & AI Literacy","foundations","supervised-learning","Supervised Learning","READY","READY_TO_PUBLISH","5","2026-08-21",""
"2","data-science-and-ai-literacy","Data Science & AI Literacy","foundations","unsupervised-learning","Unsupervised Learning","READY","READY_TO_PUBLISH","5","2026-08-21",""
"2","data-science-and-ai-literacy","Data Science & AI Literacy","foundations","training-data","Training Data","READY","READY_TO_PUBLISH","5","2026-08-21",""
"2","data-science-and-ai-literacy","Data Science & AI Literacy","foundations","features-and-labels","Features and Labels","READY","READY_TO_PUBLISH","5","2026-08-21",""
"2","data-science-and-ai-literacy","Data Science & AI Literacy","foundations","models","Models","READY","READY_TO_PUBLISH","5","2026-08-21",""
"2","data-science-and-ai-literacy","Data Science & AI Literacy","foundations","training-versus-testing","Training Versus Testing","READY","READY_TO_PUBLISH","5","2026-08-21",""
"2","data-science-and-ai-literacy","Data Science & AI Literacy","foundations","overfitting","Overfitting","READY","READY_TO_PUBLISH","5","2026-08-21",""
"2","data-science-and-ai-literacy","Data Science & AI Literacy","foundations","bias","Bias","READY","READY_TO_PUBLISH","5","2026-08-21",""
"2","data-science-and-ai-literacy","Data Science & AI Literacy","foundations","algorithmic-fairness","Algorithmic Fairness","READY","READY_TO_PUBLISH","5","2026-08-21",""
"2","data-science-and-ai-literacy","Data Science & AI Literacy","foundations","generative-ai","Generative AI","READY","READY_TO_PUBLISH","5","2026-08-21",""
"2","data-science-and-ai-literacy","Data Science & AI Literacy","foundations","large-language-models","Large Language Models","READY","READY_TO_PUBLISH","5","2026-08-21",""
"2","data-science-and-ai-literacy","Data Science & AI Literacy","foundations","prompting-basics","Prompting Basics","READY","READY_TO_PUBLISH","5","2026-08-21",""
"2","data-science-and-ai-literacy","Data Science & AI Literacy","foundations","hallucinations","Hallucinations","READY","READY_TO_PUBLISH","5","2026-08-21",""
"2","data-science-and-ai-literacy","Data Science & AI Literacy","foundations","evaluating-ai-output","Evaluating AI Output","READY","READY_TO_PUBLISH","5","2026-08-21",""
"2","data-science-and-ai-literacy","Data Science & AI Literacy","foundations","ai-privacy","AI Privacy","READY","READY_TO_PUBLISH","5","2026-08-21",""
"2","data-science-and-ai-literacy","Data Science & AI Literacy","foundations","ai-ethics","AI Ethics","READY","READY_TO_PUBLISH","5","2026-08-21",""
"2","data-science-and-ai-literacy","Data Science & AI Literacy","foundations","nist-ai-risk-concepts","NIST AI Risk Concepts","READY","READY_TO_PUBLISH","5","2026-08-21",""
"2","cybersecurity","Cybersecurity","foundations","what-cybersecurity-is","What Cybersecurity Is","READY","READY_TO_PUBLISH","5","2026-08-21",""
"2","cybersecurity","Cybersecurity","foundations","cia-triad","CIA Triad","READY","READY_TO_PUBLISH","5","2026-08-21",""
"2","cybersecurity","Cybersecurity","foundations","threats","Threats","READY","READY_TO_PUBLISH","5","2026-08-21",""
"2","cybersecurity","Cybersecurity","foundations","vulnerabilities","Vulnerabilities","READY","READY_TO_PUBLISH","5","2026-08-21",""
"2","cybersecurity","Cybersecurity","foundations","risk","Risk","READY","READY_TO_PUBLISH","5","2026-08-21",""
"2","cybersecurity","Cybersecurity","foundations","attack-surface","Attack Surface","READY","READY_TO_PUBLISH","5","2026-08-21",""
"2","cybersecurity","Cybersecurity","foundations","authentication","Authentication","READY","READY_TO_PUBLISH","5","2026-08-21",""
"2","cybersecurity","Cybersecurity","foundations","password-security","Password Security","READY","READY_TO_PUBLISH","5","2026-08-21",""
"2","cybersecurity","Cybersecurity","foundations","mfa","MFA","READY","READY_TO_PUBLISH","5","2026-08-21",""
"2","cybersecurity","Cybersecurity","foundations","authorization","Authorization","READY","READY_TO_PUBLISH","5","2026-08-21",""
"2","cybersecurity","Cybersecurity","foundations","least-privilege","Least Privilege","READY","READY_TO_PUBLISH","5","2026-08-21",""
"2","cybersecurity","Cybersecurity","foundations","phishing","Phishing","READY","READY_TO_PUBLISH","5","2026-08-21",""
"2","cybersecurity","Cybersecurity","foundations","social-engineering","Social Engineering","READY","READY_TO_PUBLISH","5","2026-08-21",""
"2","cybersecurity","Cybersecurity","foundations","malware","Malware","READY","READY_TO_PUBLISH","5","2026-08-21",""
"2","cybersecurity","Cybersecurity","foundations","ransomware","Ransomware","READY","READY_TO_PUBLISH","5","2026-08-21",""
"2","cybersecurity","Cybersecurity","foundations","viruses","Viruses","READY","READY_TO_PUBLISH","5","2026-08-21",""
"2","cybersecurity","Cybersecurity","foundations","trojans","Trojans","READY","READY_TO_PUBLISH","5","2026-08-21",""
"2","cybersecurity","Cybersecurity","foundations","network-fundamentals","Network Fundamentals","READY","READY_TO_PUBLISH","5","2026-08-21",""
"2","cybersecurity","Cybersecurity","foundations","firewalls","Firewalls","READY","READY_TO_PUBLISH","5","2026-08-21",""
"2","cybersecurity","Cybersecurity","foundations","network-segmentation","Network Segmentation","READY","READY_TO_PUBLISH","5","2026-08-21",""
"2","cybersecurity","Cybersecurity","foundations","wi-fi-security","Wi-Fi Security","READY","READY_TO_PUBLISH","5","2026-08-21",""
"2","cybersecurity","Cybersecurity","foundations","encryption","Encryption","READY","READY_TO_PUBLISH","5","2026-08-21",""
"2","cybersecurity","Cybersecurity","foundations","hashing","Hashing","READY","READY_TO_PUBLISH","5","2026-08-21",""
"2","cybersecurity","Cybersecurity","foundations","digital-certificates","Digital Certificates","READY","READY_TO_PUBLISH","5","2026-08-21",""
"2","cybersecurity","Cybersecurity","foundations","https-tls-basics","HTTPS/TLS Basics","READY","READY_TO_PUBLISH","5","2026-08-21",""
"2","cybersecurity","Cybersecurity","foundations","vulnerability-management","Vulnerability Management","READY","READY_TO_PUBLISH","5","2026-08-21",""
"2","cybersecurity","Cybersecurity","foundations","patch-management","Patch Management","READY","READY_TO_PUBLISH","5","2026-08-21",""
"2","cybersecurity","Cybersecurity","foundations","logging","Logging","READY","READY_TO_PUBLISH","5","2026-08-21",""
"2","cybersecurity","Cybersecurity","foundations","incident-response","Incident Response","READY","READY_TO_PUBLISH","5","2026-08-21",""
"2","cybersecurity","Cybersecurity","foundations","backups","Backups","READY","READY_TO_PUBLISH","5","2026-08-21",""
"2","cybersecurity","Cybersecurity","foundations","security-awareness","Security Awareness","READY","READY_TO_PUBLISH","5","2026-08-21",""
"2","cybersecurity","Cybersecurity","foundations","privacy","Privacy","READY","READY_TO_PUBLISH","5","2026-08-21",""
"2","cybersecurity","Cybersecurity","foundations","zero-trust-basics","Zero Trust Basics","READY","READY_TO_PUBLISH","5","2026-08-21",""
"2","cybersecurity","Cybersecurity","foundations","nist-cybersecurity-framework","NIST Cybersecurity Framework","READY","READY_TO_PUBLISH","5","2026-08-21",""
"2","databases-and-sql","Databases & SQL","foundations","what-a-database-is","What a Database Is","READY","READY_TO_PUBLISH","5","2026-08-21",""
"2","databases-and-sql","Databases & SQL","foundations","relational-databases","Relational Databases","READY","READY_TO_PUBLISH","5","2026-08-21",""
"2","databases-and-sql","Databases & SQL","foundations","tables","Tables","READY","READY_TO_PUBLISH","5","2026-08-21",""
"2","databases-and-sql","Databases & SQL","foundations","rows","Rows","READY","READY_TO_PUBLISH","5","2026-08-21",""
"2","databases-and-sql","Databases & SQL","foundations","columns","Columns","READY","READY_TO_PUBLISH","5","2026-08-21",""
"2","databases-and-sql","Databases & SQL","foundations","data-types","Data Types","READY","READY_TO_PUBLISH","5","2026-08-21",""
"2","databases-and-sql","Databases & SQL","foundations","primary-keys","Primary Keys","READY","READY_TO_PUBLISH","5","2026-08-21",""
"2","databases-and-sql","Databases & SQL","foundations","foreign-keys","Foreign Keys","READY","READY_TO_PUBLISH","5","2026-08-21",""
"2","databases-and-sql","Databases & SQL","foundations","relationships","Relationships","READY","READY_TO_PUBLISH","5","2026-08-21",""
"2","databases-and-sql","Databases & SQL","foundations","one-to-one","One-to-One","READY","READY_TO_PUBLISH","5","2026-08-21",""
"2","databases-and-sql","Databases & SQL","foundations","one-to-many","One-to-Many","READY","READY_TO_PUBLISH","5","2026-08-21",""
"2","databases-and-sql","Databases & SQL","foundations","many-to-many","Many-to-Many","READY","READY_TO_PUBLISH","5","2026-08-21",""
"2","databases-and-sql","Databases & SQL","foundations","database-normalization","Database Normalization","READY","READY_TO_PUBLISH","5","2026-08-21",""
"2","databases-and-sql","Databases & SQL","foundations","sql-basics","SQL Basics","READY","READY_TO_PUBLISH","5","2026-08-21",""
"2","databases-and-sql","Databases & SQL","foundations","select","SELECT","READY","READY_TO_PUBLISH","5","2026-08-21",""
"2","databases-and-sql","Databases & SQL","foundations","where","WHERE","READY","READY_TO_PUBLISH","5","2026-08-21",""
"2","databases-and-sql","Databases & SQL","foundations","order-by","ORDER BY","READY","READY_TO_PUBLISH","5","2026-08-21",""
"2","databases-and-sql","Databases & SQL","foundations","limit","LIMIT","READY","READY_TO_PUBLISH","5","2026-08-21",""
"2","databases-and-sql","Databases & SQL","foundations","insert","INSERT","READY","READY_TO_PUBLISH","5","2026-08-21",""
"2","databases-and-sql","Databases & SQL","foundations","update","UPDATE","READY","READY_TO_PUBLISH","5","2026-08-21",""
"2","databases-and-sql","Databases & SQL","foundations","delete","DELETE","READY","READY_TO_PUBLISH","5","2026-08-21",""
"2","databases-and-sql","Databases & SQL","foundations","aggregate-functions","Aggregate Functions","READY","READY_TO_PUBLISH","5","2026-08-21",""
"2","databases-and-sql","Databases & SQL","foundations","group-by","GROUP BY","READY","READY_TO_PUBLISH","5","2026-08-21",""
"2","databases-and-sql","Databases & SQL","foundations","join","JOIN","READY","READY_TO_PUBLISH","5","2026-08-21",""
"2","databases-and-sql","Databases & SQL","foundations","subqueries","Subqueries","READY","READY_TO_PUBLISH","5","2026-08-21",""
"2","databases-and-sql","Databases & SQL","foundations","indexes","Indexes","READY","READY_TO_PUBLISH","5","2026-08-21",""
"2","databases-and-sql","Databases & SQL","foundations","transactions","Transactions","READY","READY_TO_PUBLISH","5","2026-08-21",""
"2","databases-and-sql","Databases & SQL","foundations","data-integrity","Data Integrity","READY","READY_TO_PUBLISH","5","2026-08-21",""
"2","databases-and-sql","Databases & SQL","foundations","database-security","Database Security","READY","READY_TO_PUBLISH","5","2026-08-21",""
"2","ux-ui-design","UX/UI Design","foundations","ux-versus-ui","UX Versus UI","READY","READY_TO_PUBLISH","5","2026-08-21",""
"2","ux-ui-design","UX/UI Design","foundations","human-centered-design","Human-Centered Design","READY","READY_TO_PUBLISH","5","2026-08-21",""
"2","ux-ui-design","UX/UI Design","foundations","user-research","User Research","READY","READY_TO_PUBLISH","5","2026-08-21",""
"2","ux-ui-design","UX/UI Design","foundations","interviews","Interviews","READY","READY_TO_PUBLISH","5","2026-08-21",""
"2","ux-ui-design","UX/UI Design","foundations","surveys","Surveys","READY","READY_TO_PUBLISH","5","2026-08-21",""
"2","ux-ui-design","UX/UI Design","foundations","personas","Personas","READY","READY_TO_PUBLISH","5","2026-08-21",""
"2","ux-ui-design","UX/UI Design","foundations","jobs-to-be-done","Jobs to Be Done","READY","READY_TO_PUBLISH","5","2026-08-21",""
"2","ux-ui-design","UX/UI Design","foundations","user-journeys","User Journeys","READY","READY_TO_PUBLISH","5","2026-08-21",""
"2","ux-ui-design","UX/UI Design","foundations","user-flows","User Flows","READY","READY_TO_PUBLISH","5","2026-08-21",""
"2","ux-ui-design","UX/UI Design","foundations","information-architecture","Information Architecture","READY","READY_TO_PUBLISH","5","2026-08-21",""
"2","ux-ui-design","UX/UI Design","foundations","wireframes","Wireframes","READY","READY_TO_PUBLISH","5","2026-08-21",""
"2","ux-ui-design","UX/UI Design","foundations","low-fidelity-prototypes","Low-Fidelity Prototypes","READY","READY_TO_PUBLISH","5","2026-08-21",""
"2","ux-ui-design","UX/UI Design","foundations","high-fidelity-prototypes","High-Fidelity Prototypes","READY","READY_TO_PUBLISH","5","2026-08-21",""
"2","ux-ui-design","UX/UI Design","foundations","visual-hierarchy","Visual Hierarchy","READY","READY_TO_PUBLISH","5","2026-08-21",""
"2","ux-ui-design","UX/UI Design","foundations","typography","Typography","READY","READY_TO_PUBLISH","5","2026-08-21",""
"2","ux-ui-design","UX/UI Design","foundations","color","Color","READY","READY_TO_PUBLISH","5","2026-08-21",""
"2","ux-ui-design","UX/UI Design","foundations","layout","Layout","READY","READY_TO_PUBLISH","5","2026-08-21",""
"2","ux-ui-design","UX/UI Design","foundations","design-systems","Design Systems","READY","READY_TO_PUBLISH","5","2026-08-21",""
"2","ux-ui-design","UX/UI Design","foundations","components","Components","READY","READY_TO_PUBLISH","5","2026-08-21",""
"2","ux-ui-design","UX/UI Design","foundations","interaction-design","Interaction Design","READY","READY_TO_PUBLISH","5","2026-08-21",""
"2","ux-ui-design","UX/UI Design","foundations","usability-testing","Usability Testing","READY","READY_TO_PUBLISH","5","2026-08-21",""
"2","ux-ui-design","UX/UI Design","foundations","heuristic-evaluation","Heuristic Evaluation","READY","READY_TO_PUBLISH","5","2026-08-21",""
"2","ux-ui-design","UX/UI Design","foundations","accessibility","Accessibility","READY","READY_TO_PUBLISH","5","2026-08-21",""
"2","ux-ui-design","UX/UI Design","foundations","wcag-basics","WCAG Basics","READY","READY_TO_PUBLISH","5","2026-08-21",""
"2","ux-ui-design","UX/UI Design","foundations","responsive-design","Responsive Design","READY","READY_TO_PUBLISH","5","2026-08-21",""
"2","ux-ui-design","UX/UI Design","foundations","mobile-first-design","Mobile-First Design","READY","READY_TO_PUBLISH","5","2026-08-21",""
"2","ux-ui-design","UX/UI Design","foundations","design-handoff","Design Handoff","READY","READY_TO_PUBLISH","5","2026-08-21",""
"2","ux-ui-design","UX/UI Design","foundations","part-iii-business-and-money","PART III — BUSINESS & MONEY","READY","READY_TO_PUBLISH","5","2026-08-21",""
"2","introduction-to-business","Introduction to Business","foundations","what-is-a-business","What Is a Business?","READY","READY_TO_PUBLISH","5","2026-08-21",""
"2","introduction-to-business","Introduction to Business","foundations","forms-of-business-ownership","Forms of Business Ownership","READY","READY_TO_PUBLISH","5","2026-08-21",""
"2","introduction-to-business","Introduction to Business","foundations","sole-proprietorship","Sole Proprietorship","READY","READY_TO_PUBLISH","5","2026-08-21",""
"2","introduction-to-business","Introduction to Business","foundations","partnership","Partnership","READY","READY_TO_PUBLISH","5","2026-08-21",""
"2","introduction-to-business","Introduction to Business","foundations","corporation","Corporation","READY","READY_TO_PUBLISH","5","2026-08-21",""
"2","introduction-to-business","Introduction to Business","foundations","llc","LLC","READY","READY_TO_PUBLISH","5","2026-08-21",""
"2","introduction-to-business","Introduction to Business","foundations","entrepreneurship","Entrepreneurship","READY","READY_TO_PUBLISH","5","2026-08-21",""
"2","introduction-to-business","Introduction to Business","foundations","business-environment","Business Environment","READY","READY_TO_PUBLISH","5","2026-08-21",""
"2","introduction-to-business","Introduction to Business","foundations","economics-and-business","Economics and Business","READY","READY_TO_PUBLISH","5","2026-08-21",""
"2","introduction-to-business","Introduction to Business","foundations","global-business","Global Business","READY","READY_TO_PUBLISH","5","2026-08-21",""
"2","introduction-to-business","Introduction to Business","foundations","business-ethics","Business Ethics","READY","READY_TO_PUBLISH","5","2026-08-21",""
"2","introduction-to-business","Introduction to Business","foundations","management","Management","READY","READY_TO_PUBLISH","5","2026-08-21",""
"2","introduction-to-business","Introduction to Business","foundations","leadership","Leadership","READY","READY_TO_PUBLISH","5","2026-08-21",""
"2","introduction-to-business","Introduction to Business","foundations","organizational-structure","Organizational Structure","READY","READY_TO_PUBLISH","5","2026-08-21",""
"2","introduction-to-business","Introduction to Business","foundations","human-resources","Human Resources","READY","READY_TO_PUBLISH","5","2026-08-21",""
"2","introduction-to-business","Introduction to Business","foundations","operations","Operations","READY","READY_TO_PUBLISH","5","2026-08-21",""
"2","introduction-to-business","Introduction to Business","foundations","supply-chain-basics","Supply Chain Basics","READY","READY_TO_PUBLISH","5","2026-08-21",""
"2","introduction-to-business","Introduction to Business","foundations","marketing","Marketing","READY","READY_TO_PUBLISH","5","2026-08-21",""
"2","introduction-to-business","Introduction to Business","foundations","sales","Sales","READY","READY_TO_PUBLISH","5","2026-08-21",""
"2","introduction-to-business","Introduction to Business","foundations","accounting-basics","Accounting Basics","READY","READY_TO_PUBLISH","5","2026-08-21",""
"2","introduction-to-business","Introduction to Business","foundations","finance-basics","Finance Basics","READY","READY_TO_PUBLISH","5","2026-08-21",""
"2","introduction-to-business","Introduction to Business","foundations","business-strategy","Business Strategy","READY","READY_TO_PUBLISH","5","2026-08-21",""
"2","introduction-to-business","Introduction to Business","foundations","competitive-advantage","Competitive Advantage","READY","READY_TO_PUBLISH","5","2026-08-21",""
"2","introduction-to-business","Introduction to Business","foundations","business-communication","Business Communication","READY","READY_TO_PUBLISH","5","2026-08-21",""
"2","accounting","Accounting","foundations","purpose-of-accounting","Purpose of Accounting","READY","READY_TO_PUBLISH","5","2026-08-21",""
"2","accounting","Accounting","foundations","accounting-equation","Accounting Equation","READY","READY_TO_PUBLISH","5","2026-08-21",""
"2","accounting","Accounting","foundations","assets","Assets","READY","READY_TO_PUBLISH","5","2026-08-21",""
"2","accounting","Accounting","foundations","liabilities","Liabilities","READY","READY_TO_PUBLISH","5","2026-08-21",""
"2","accounting","Accounting","foundations","equity","Equity","READY","READY_TO_PUBLISH","5","2026-08-21",""
"2","accounting","Accounting","foundations","revenue","Revenue","READY","READY_TO_PUBLISH","5","2026-08-21",""
"2","accounting","Accounting","foundations","expenses","Expenses","READY","READY_TO_PUBLISH","5","2026-08-21",""
"2","accounting","Accounting","foundations","accounting-cycle","Accounting Cycle","READY","READY_TO_PUBLISH","5","2026-08-21",""
"2","accounting","Accounting","foundations","debits-and-credits","Debits and Credits","READY","READY_TO_PUBLISH","5","2026-08-21",""
"2","accounting","Accounting","foundations","journal-entries","Journal Entries","READY","READY_TO_PUBLISH","5","2026-08-21",""
"2","accounting","Accounting","foundations","general-ledger","General Ledger","READY","READY_TO_PUBLISH","5","2026-08-21",""
"2","accounting","Accounting","foundations","trial-balance","Trial Balance","READY","READY_TO_PUBLISH","5","2026-08-21",""
"2","accounting","Accounting","foundations","adjusting-entries","Adjusting Entries","READY","READY_TO_PUBLISH","5","2026-08-21",""
"2","accounting","Accounting","foundations","income-statement","Income Statement","READY","READY_TO_PUBLISH","5","2026-08-21",""
"2","accounting","Accounting","foundations","balance-sheet","Balance Sheet","READY","READY_TO_PUBLISH","5","2026-08-21",""
"2","accounting","Accounting","foundations","statement-of-cash-flows","Statement of Cash Flows","READY","READY_TO_PUBLISH","5","2026-08-21",""
"2","accounting","Accounting","foundations","accounts-receivable","Accounts Receivable","READY","READY_TO_PUBLISH","5","2026-08-21",""
"2","accounting","Accounting","foundations","accounts-payable","Accounts Payable","READY","READY_TO_PUBLISH","5","2026-08-21",""
"2","accounting","Accounting","foundations","inventory","Inventory","READY","READY_TO_PUBLISH","5","2026-08-21",""
"2","accounting","Accounting","foundations","depreciation","Depreciation","READY","READY_TO_PUBLISH","5","2026-08-21",""
"2","accounting","Accounting","foundations","accrual-accounting","Accrual Accounting","READY","READY_TO_PUBLISH","5","2026-08-21",""
"2","accounting","Accounting","foundations","cash-accounting","Cash Accounting","READY","READY_TO_PUBLISH","5","2026-08-21",""
"2","accounting","Accounting","foundations","financial-ratios","Financial Ratios","READY","READY_TO_PUBLISH","5","2026-08-21",""
"2","accounting","Accounting","foundations","managerial-accounting","Managerial Accounting","READY","READY_TO_PUBLISH","5","2026-08-21",""
"2","accounting","Accounting","foundations","cost-behavior","Cost Behavior","READY","READY_TO_PUBLISH","5","2026-08-21",""
"2","accounting","Accounting","foundations","fixed-and-variable-costs","Fixed and Variable Costs","READY","READY_TO_PUBLISH","5","2026-08-21",""
"2","accounting","Accounting","foundations","break-even-analysis","Break-Even Analysis","READY","READY_TO_PUBLISH","5","2026-08-21",""
"2","accounting","Accounting","foundations","budgeting","Budgeting","READY","READY_TO_PUBLISH","5","2026-08-21",""
"2","finance","Finance","foundations","what-finance-is","What Finance Is","READY","READY_TO_PUBLISH","5","2026-08-21",""
"2","finance","Finance","foundations","time-value-of-money","Time Value of Money","READY","READY_TO_PUBLISH","5","2026-08-21",""
"2","finance","Finance","foundations","present-value","Present Value","READY","READY_TO_PUBLISH","5","2026-08-21",""
"2","finance","Finance","foundations","future-value","Future Value","READY","READY_TO_PUBLISH","5","2026-08-21",""
"2","finance","Finance","foundations","compound-interest","Compound Interest","READY","READY_TO_PUBLISH","5","2026-08-21",""
"2","finance","Finance","foundations","financial-statements","Financial Statements","READY","READY_TO_PUBLISH","5","2026-08-21",""
"2","finance","Finance","foundations","cash-flow","Cash Flow","READY","READY_TO_PUBLISH","5","2026-08-21",""
"2","finance","Finance","foundations","risk","Risk","READY","READY_TO_PUBLISH","5","2026-08-21",""
"2","finance","Finance","foundations","return","Return","READY","READY_TO_PUBLISH","5","2026-08-21",""
"2","finance","Finance","foundations","diversification","Diversification","READY","READY_TO_PUBLISH","5","2026-08-21",""
"2","finance","Finance","foundations","bonds","Bonds","READY","READY_TO_PUBLISH","5","2026-08-21",""
"2","finance","Finance","foundations","stocks","Stocks","READY","READY_TO_PUBLISH","5","2026-08-21",""
"2","finance","Finance","foundations","debt","Debt","READY","READY_TO_PUBLISH","5","2026-08-21",""
"2","finance","Finance","foundations","equity","Equity","READY","READY_TO_PUBLISH","5","2026-08-21",""
"2","finance","Finance","foundations","cost-of-capital","Cost of Capital","READY","READY_TO_PUBLISH","5","2026-08-21",""
"2","finance","Finance","foundations","capital-budgeting","Capital Budgeting","READY","READY_TO_PUBLISH","5","2026-08-21",""
"2","finance","Finance","foundations","net-present-value","Net Present Value","READY","READY_TO_PUBLISH","5","2026-08-21",""
"2","finance","Finance","foundations","internal-rate-of-return","Internal Rate of Return","READY","READY_TO_PUBLISH","5","2026-08-21",""
"2","finance","Finance","foundations","financial-markets","Financial Markets","READY","READY_TO_PUBLISH","5","2026-08-21",""
"2","finance","Finance","foundations","interest-rates","Interest Rates","READY","READY_TO_PUBLISH","5","2026-08-21",""
"2","finance","Finance","foundations","inflation","Inflation","READY","READY_TO_PUBLISH","5","2026-08-21",""
"2","finance","Finance","foundations","corporate-finance","Corporate Finance","READY","READY_TO_PUBLISH","5","2026-08-21",""
"2","finance","Finance","foundations","working-capital","Working Capital","READY","READY_TO_PUBLISH","5","2026-08-21",""
"2","finance","Finance","foundations","financial-ratios","Financial Ratios","READY","READY_TO_PUBLISH","5","2026-08-21",""
"2","finance","Finance","foundations","portfolio-basics","Portfolio Basics","READY","READY_TO_PUBLISH","5","2026-08-21",""
"2","personal-finance","Personal Finance","foundations","setting-financial-goals","Setting Financial Goals","READY","READY_TO_PUBLISH","5","2026-08-21",""
"2","personal-finance","Personal Finance","foundations","budgeting","Budgeting","READY","READY_TO_PUBLISH","5","2026-08-21",""
"2","personal-finance","Personal Finance","foundations","income","Income","READY","READY_TO_PUBLISH","5","2026-08-21",""
"2","personal-finance","Personal Finance","foundations","expenses","Expenses","READY","READY_TO_PUBLISH","5","2026-08-21",""
"2","personal-finance","Personal Finance","foundations","cash-flow","Cash Flow","READY","READY_TO_PUBLISH","5","2026-08-21",""
"2","personal-finance","Personal Finance","foundations","emergency-funds","Emergency Funds","READY","READY_TO_PUBLISH","5","2026-08-21",""
"2","personal-finance","Personal Finance","foundations","saving","Saving","READY","READY_TO_PUBLISH","5","2026-08-21",""
"2","personal-finance","Personal Finance","foundations","checking-accounts","Checking Accounts","READY","READY_TO_PUBLISH","5","2026-08-21",""
"2","personal-finance","Personal Finance","foundations","savings-accounts","Savings Accounts","READY","READY_TO_PUBLISH","5","2026-08-21",""
"2","personal-finance","Personal Finance","foundations","interest","Interest","READY","READY_TO_PUBLISH","5","2026-08-21",""
"2","personal-finance","Personal Finance","foundations","credit-cards","Credit Cards","READY","READY_TO_PUBLISH","5","2026-08-21",""
"2","personal-finance","Personal Finance","foundations","credit-reports","Credit Reports","READY","READY_TO_PUBLISH","5","2026-08-21",""
"2","personal-finance","Personal Finance","foundations","credit-scores","Credit Scores","READY","READY_TO_PUBLISH","5","2026-08-21",""
"2","personal-finance","Personal Finance","foundations","loans","Loans","READY","READY_TO_PUBLISH","5","2026-08-21",""
"2","personal-finance","Personal Finance","foundations","auto-loans","Auto Loans","READY","READY_TO_PUBLISH","5","2026-08-21",""
"2","personal-finance","Personal Finance","foundations","student-loans","Student Loans","READY","READY_TO_PUBLISH","5","2026-08-21",""
"2","personal-finance","Personal Finance","foundations","mortgages","Mortgages","READY","READY_TO_PUBLISH","5","2026-08-21",""
"2","personal-finance","Personal Finance","foundations","debt-management","Debt Management","READY","READY_TO_PUBLISH","5","2026-08-21",""
"2","personal-finance","Personal Finance","foundations","taxes","Taxes","READY","READY_TO_PUBLISH","5","2026-08-21",""
"2","personal-finance","Personal Finance","foundations","insurance","Insurance","READY","READY_TO_PUBLISH","5","2026-08-21",""
"2","personal-finance","Personal Finance","foundations","health-insurance-basics","Health Insurance Basics","READY","READY_TO_PUBLISH","5","2026-08-21",""
"2","personal-finance","Personal Finance","foundations","life-insurance-basics","Life Insurance Basics","READY","READY_TO_PUBLISH","5","2026-08-21",""
"2","personal-finance","Personal Finance","foundations","investing","Investing","READY","READY_TO_PUBLISH","5","2026-08-21",""
"2","personal-finance","Personal Finance","foundations","stocks","Stocks","READY","READY_TO_PUBLISH","5","2026-08-21",""
"2","personal-finance","Personal Finance","foundations","bonds","Bonds","READY","READY_TO_PUBLISH","5","2026-08-21",""
"2","personal-finance","Personal Finance","foundations","mutual-funds","Mutual Funds","READY","READY_TO_PUBLISH","5","2026-08-21",""
"2","personal-finance","Personal Finance","foundations","etfs","ETFs","READY","READY_TO_PUBLISH","5","2026-08-21",""
"2","personal-finance","Personal Finance","foundations","retirement-accounts","Retirement Accounts","READY","READY_TO_PUBLISH","5","2026-08-21",""
"2","personal-finance","Personal Finance","foundations","compound-growth","Compound Growth","READY","READY_TO_PUBLISH","5","2026-08-21",""
"2","personal-finance","Personal Finance","foundations","financial-scams","Financial Scams","READY","READY_TO_PUBLISH","5","2026-08-21",""
"2","personal-finance","Personal Finance","foundations","identity-theft","Identity Theft","READY","READY_TO_PUBLISH","5","2026-08-21",""
"2","personal-finance","Personal Finance","foundations","consumer-protection","Consumer Protection","READY","READY_TO_PUBLISH","5","2026-08-21",""
"2","marketing","Marketing","foundations","what-marketing-is","What Marketing Is","READY","READY_TO_PUBLISH","5","2026-08-22",""
"2","marketing","Marketing","foundations","customer-needs","Customer Needs","READY","READY_TO_PUBLISH","5","2026-08-22",""
"2","marketing","Marketing","foundations","market-research","Market Research","READY","READY_TO_PUBLISH","5","2026-08-22",""
"2","marketing","Marketing","foundations","market-segmentation","Market Segmentation","READY","READY_TO_PUBLISH","5","2026-08-22",""
"2","marketing","Marketing","foundations","positioning","Positioning","READY","READY_TO_PUBLISH","5","2026-08-22",""
"2","marketing","Marketing","foundations","consumer-behavior","Consumer Behavior","READY","READY_TO_PUBLISH","5","2026-08-22",""
"2","marketing","Marketing","foundations","branding","Branding","READY","READY_TO_PUBLISH","5","2026-08-22",""
"2","marketing","Marketing","foundations","brand-equity","Brand Equity","READY","READY_TO_PUBLISH","5","2026-08-22",""
"2","marketing","Marketing","foundations","marketing-mix","Marketing Mix","READY","READY_TO_PUBLISH","5","2026-08-22",""
"2","marketing","Marketing","foundations","product","Product","READY","READY_TO_PUBLISH","5","2026-08-22",""
"2","marketing","Marketing","foundations","price","Price","READY","READY_TO_PUBLISH","5","2026-08-22",""
"2","marketing","Marketing","foundations","place","Place","READY","READY_TO_PUBLISH","5","2026-08-22",""
"2","marketing","Marketing","foundations","promotion","Promotion","READY","READY_TO_PUBLISH","5","2026-08-22",""
"2","marketing","Marketing","foundations","advertising","Advertising","READY","READY_TO_PUBLISH","5","2026-08-22",""
"2","marketing","Marketing","foundations","public-relations","Public Relations","READY","READY_TO_PUBLISH","5","2026-08-22",""
"2","marketing","Marketing","foundations","content-marketing","Content Marketing","READY","READY_TO_PUBLISH","5","2026-08-22",""
"2","marketing","Marketing","foundations","social-media-marketing","Social Media Marketing","READY","READY_TO_PUBLISH","5","2026-08-22",""
"2","marketing","Marketing","foundations","email-marketing","Email Marketing","READY","READY_TO_PUBLISH","5","2026-08-22",""
"2","marketing","Marketing","foundations","digital-advertising","Digital Advertising","READY","READY_TO_PUBLISH","5","2026-08-22",""
"2","marketing","Marketing","foundations","seo-basics","SEO Basics","READY","READY_TO_PUBLISH","5","2026-08-22",""
"2","marketing","Marketing","foundations","customer-journey","Customer Journey","READY","READY_TO_PUBLISH","5","2026-08-22",""
"2","marketing","Marketing","foundations","conversion","Conversion","READY","READY_TO_PUBLISH","5","2026-08-22",""
"2","marketing","Marketing","foundations","marketing-analytics","Marketing Analytics","READY","READY_TO_PUBLISH","5","2026-08-22",""
"2","marketing","Marketing","foundations","ethics-in-marketing","Ethics in Marketing","READY","READY_TO_PUBLISH","5","2026-08-22",""
"2","management-and-leadership","Management & Leadership","foundations","management-versus-leadership","Management Versus Leadership","READY","READY_TO_PUBLISH","5","2026-08-22",""
"2","management-and-leadership","Management & Leadership","foundations","planning","Planning","READY","READY_TO_PUBLISH","5","2026-08-22",""
"2","management-and-leadership","Management & Leadership","foundations","organizing","Organizing","READY","READY_TO_PUBLISH","5","2026-08-22",""
"2","management-and-leadership","Management & Leadership","foundations","leading","Leading","READY","READY_TO_PUBLISH","5","2026-08-22",""
"2","management-and-leadership","Management & Leadership","foundations","controlling","Controlling","READY","READY_TO_PUBLISH","5","2026-08-22",""
"2","management-and-leadership","Management & Leadership","foundations","leadership-styles","Leadership Styles","READY","READY_TO_PUBLISH","5","2026-08-22",""
"2","management-and-leadership","Management & Leadership","foundations","motivation","Motivation","READY","READY_TO_PUBLISH","5","2026-08-22",""
"2","management-and-leadership","Management & Leadership","foundations","goal-setting","Goal Setting","READY","READY_TO_PUBLISH","5","2026-08-22",""
"2","management-and-leadership","Management & Leadership","foundations","decision-making","Decision-Making","READY","READY_TO_PUBLISH","5","2026-08-22",""
"2","management-and-leadership","Management & Leadership","foundations","delegation","Delegation","READY","READY_TO_PUBLISH","5","2026-08-22",""
"2","management-and-leadership","Management & Leadership","foundations","teams","Teams","READY","READY_TO_PUBLISH","5","2026-08-22",""
"2","management-and-leadership","Management & Leadership","foundations","team-development","Team Development","READY","READY_TO_PUBLISH","5","2026-08-22",""
"2","management-and-leadership","Management & Leadership","foundations","organizational-behavior","Organizational Behavior","READY","READY_TO_PUBLISH","5","2026-08-22",""
"2","management-and-leadership","Management & Leadership","foundations","organizational-culture","Organizational Culture","READY","READY_TO_PUBLISH","5","2026-08-22",""
"2","management-and-leadership","Management & Leadership","foundations","communication","Communication","READY","READY_TO_PUBLISH","5","2026-08-22",""
"2","management-and-leadership","Management & Leadership","foundations","conflict-resolution","Conflict Resolution","READY","READY_TO_PUBLISH","5","2026-08-22",""
"2","management-and-leadership","Management & Leadership","foundations","negotiation","Negotiation","READY","READY_TO_PUBLISH","5","2026-08-22",""
"2","management-and-leadership","Management & Leadership","foundations","performance-management","Performance Management","READY","READY_TO_PUBLISH","5","2026-08-22",""
"2","management-and-leadership","Management & Leadership","foundations","employee-engagement","Employee Engagement","READY","READY_TO_PUBLISH","5","2026-08-22",""
"2","management-and-leadership","Management & Leadership","foundations","change-management","Change Management","READY","READY_TO_PUBLISH","5","2026-08-22",""
"2","management-and-leadership","Management & Leadership","foundations","power-and-influence","Power and Influence","READY","READY_TO_PUBLISH","5","2026-08-22",""
"2","management-and-leadership","Management & Leadership","foundations","ethics","Ethics","READY","READY_TO_PUBLISH","5","2026-08-22",""
"2","management-and-leadership","Management & Leadership","foundations","diversity-and-inclusion","Diversity and Inclusion","READY","READY_TO_PUBLISH","5","2026-08-22",""
"3","entrepreneurship","Entrepreneurship","foundations","what-entrepreneurship-is","What Entrepreneurship Is","READY","READY_TO_PUBLISH","5","2026-08-19",""
"3","entrepreneurship","Entrepreneurship","foundations","finding-business-ideas","Finding Business Ideas","READY","READY_TO_PUBLISH","5","2026-08-19",""
"3","entrepreneurship","Entrepreneurship","foundations","problem-identification","Problem Identification","READY","READY_TO_PUBLISH","5","2026-08-19",""
"3","entrepreneurship","Entrepreneurship","foundations","customer-discovery","Customer Discovery","READY","READY_TO_PUBLISH","5","2026-08-19",""
"3","entrepreneurship","Entrepreneurship","foundations","customer-interviews","Customer Interviews","READY","READY_TO_PUBLISH","5","2026-08-19",""
"3","entrepreneurship","Entrepreneurship","foundations","value-proposition","Value Proposition","READY","READY_TO_PUBLISH","5","2026-08-19",""
"3","entrepreneurship","Entrepreneurship","foundations","market-research","Market Research","READY","READY_TO_PUBLISH","5","2026-08-19",""
"3","entrepreneurship","Entrepreneurship","foundations","competitor-analysis","Competitor Analysis","READY","READY_TO_PUBLISH","5","2026-08-19",""
"3","entrepreneurship","Entrepreneurship","foundations","business-models","Business Models","READY","READY_TO_PUBLISH","5","2026-08-19",""
"3","entrepreneurship","Entrepreneurship","foundations","business-model-canvas","Business Model Canvas","READY","READY_TO_PUBLISH","5","2026-08-19",""
"3","entrepreneurship","Entrepreneurship","foundations","minimum-viable-product","Minimum Viable Product","READY","READY_TO_PUBLISH","5","2026-08-19",""
"3","entrepreneurship","Entrepreneurship","foundations","product-market-fit","Product-Market Fit","READY","READY_TO_PUBLISH","5","2026-08-19",""
"3","entrepreneurship","Entrepreneurship","foundations","pricing","Pricing","READY","READY_TO_PUBLISH","5","2026-08-19",""
"3","entrepreneurship","Entrepreneurship","foundations","branding","Branding","READY","READY_TO_PUBLISH","5","2026-08-19",""
"3","entrepreneurship","Entrepreneurship","foundations","marketing","Marketing","READY","READY_TO_PUBLISH","5","2026-08-19",""
"3","entrepreneurship","Entrepreneurship","foundations","sales","Sales","READY","READY_TO_PUBLISH","5","2026-08-19",""
"3","entrepreneurship","Entrepreneurship","foundations","startup-costs","Startup Costs","READY","READY_TO_PUBLISH","5","2026-08-19",""
"3","entrepreneurship","Entrepreneurship","foundations","bootstrapping","Bootstrapping","READY","READY_TO_PUBLISH","5","2026-08-19",""
"3","entrepreneurship","Entrepreneurship","foundations","startup-funding","Startup Funding","READY","READY_TO_PUBLISH","5","2026-08-19",""
"3","entrepreneurship","Entrepreneurship","foundations","pitching","Pitching","READY","READY_TO_PUBLISH","5","2026-08-20",""
"3","entrepreneurship","Entrepreneurship","foundations","financial-projections","Financial Projections","READY","READY_TO_PUBLISH","5","2026-08-19",""
"3","entrepreneurship","Entrepreneurship","foundations","legal-structure-basics","Legal Structure Basics","READY","READY_TO_PUBLISH","5","2026-08-20",""
"3","entrepreneurship","Entrepreneurship","foundations","intellectual-property-basics","Intellectual Property Basics","READY","READY_TO_PUBLISH","5","2026-08-19",""
"3","entrepreneurship","Entrepreneurship","foundations","growth-strategy","Growth Strategy","READY","READY_TO_PUBLISH","5","2026-08-19",""
"3","entrepreneurship","Entrepreneurship","foundations","common-startup-failure-modes","Common Startup Failure Modes","READY","READY_TO_PUBLISH","5","2026-08-19",""
"3","business-law-and-ethics","Business Law & Ethics","foundations","sources-of-business-law","Sources of Business Law","READY","READY_TO_PUBLISH","5","2026-08-19",""
"3","business-law-and-ethics","Business Law & Ethics","foundations","court-systems","Court Systems","READY","READY_TO_PUBLISH","5","2026-08-19",""
"3","business-law-and-ethics","Business Law & Ethics","foundations","civil-versus-criminal-law","Civil Versus Criminal Law","READY","READY_TO_PUBLISH","5","2026-08-19",""
"3","business-law-and-ethics","Business Law & Ethics","foundations","contracts","Contracts","READY","READY_TO_PUBLISH","5","2026-08-19",""
"3","business-law-and-ethics","Business Law & Ethics","foundations","contract-formation","Contract Formation","READY","READY_TO_PUBLISH","5","2026-08-19",""
"3","business-law-and-ethics","Business Law & Ethics","foundations","offer","Offer","READY","READY_TO_PUBLISH","5","2026-08-19",""
"3","business-law-and-ethics","Business Law & Ethics","foundations","acceptance","Acceptance","READY","READY_TO_PUBLISH","5","2026-08-19",""
"3","business-law-and-ethics","Business Law & Ethics","foundations","consideration","Consideration","READY","READY_TO_PUBLISH","5","2026-08-19",""
"3","business-law-and-ethics","Business Law & Ethics","foundations","contract-defenses","Contract Defenses","READY","READY_TO_PUBLISH","5","2026-08-19",""
"3","business-law-and-ethics","Business Law & Ethics","foundations","contract-remedies","Contract Remedies","READY","READY_TO_PUBLISH","5","2026-08-19",""
"3","business-law-and-ethics","Business Law & Ethics","foundations","torts","Torts","READY","READY_TO_PUBLISH","5","2026-08-19",""
"3","business-law-and-ethics","Business Law & Ethics","foundations","negligence","Negligence","READY","READY_TO_PUBLISH","5","2026-08-20",""
"3","business-law-and-ethics","Business Law & Ethics","foundations","product-liability","Product Liability","READY","READY_TO_PUBLISH","5","2026-08-20",""
"3","business-law-and-ethics","Business Law & Ethics","foundations","agency","Agency","READY","READY_TO_PUBLISH","5","2026-08-20",""
"3","business-law-and-ethics","Business Law & Ethics","foundations","employment-law-foundations","Employment Law Foundations","READY","READY_TO_PUBLISH","5","2026-08-20",""
"3","business-law-and-ethics","Business Law & Ethics","foundations","discrimination-law-foundations","Discrimination Law Foundations","READY","READY_TO_PUBLISH","5","2026-08-20",""
"3","business-law-and-ethics","Business Law & Ethics","foundations","wage-and-hour-foundations","Wage and Hour Foundations","READY","READY_TO_PUBLISH","5","2026-08-20",""
"3","business-law-and-ethics","Business Law & Ethics","foundations","business-entities","Business Entities","READY","READY_TO_PUBLISH","5","2026-08-20",""
"3","business-law-and-ethics","Business Law & Ethics","foundations","corporations","Corporations","READY","READY_TO_PUBLISH","5","2026-08-20",""
"3","business-law-and-ethics","Business Law & Ethics","foundations","llcs","LLCs","READY","READY_TO_PUBLISH","5","2026-08-20",""
"3","business-law-and-ethics","Business Law & Ethics","foundations","partnerships","Partnerships","READY","READY_TO_PUBLISH","5","2026-08-20",""
"3","business-law-and-ethics","Business Law & Ethics","foundations","intellectual-property","Intellectual Property","READY","READY_TO_PUBLISH","5","2026-08-20",""
"3","business-law-and-ethics","Business Law & Ethics","foundations","copyright","Copyright","READY","READY_TO_PUBLISH","5","2026-08-20",""
"3","business-law-and-ethics","Business Law & Ethics","foundations","trademark","Trademark","READY","READY_TO_PUBLISH","5","2026-08-20",""
"3","business-law-and-ethics","Business Law & Ethics","foundations","patent-basics","Patent Basics","READY","READY_TO_PUBLISH","5","2026-08-20",""
"3","business-law-and-ethics","Business Law & Ethics","foundations","consumer-protection","Consumer Protection","READY","READY_TO_PUBLISH","5","2026-08-20",""
"3","business-law-and-ethics","Business Law & Ethics","foundations","advertising-law","Advertising Law","READY","READY_TO_PUBLISH","5","2026-08-20",""
"3","business-law-and-ethics","Business Law & Ethics","foundations","securities-regulation-basics","Securities Regulation Basics","READY","READY_TO_PUBLISH","5","2026-08-20",""
"3","business-law-and-ethics","Business Law & Ethics","foundations","compliance","Compliance","READY","READY_TO_PUBLISH","5","2026-08-20",""
"3","business-law-and-ethics","Business Law & Ethics","foundations","corporate-ethics","Corporate Ethics","READY","READY_TO_PUBLISH","5","2026-08-20",""
"3","business-law-and-ethics","Business Law & Ethics","foundations","ethical-decision-making","Ethical Decision-Making","READY","READY_TO_PUBLISH","5","2026-08-20",""
"3","business-law-and-ethics","Business Law & Ethics","foundations","use-primary-legal-authorities-wherever-feasible","Use primary legal authorities wherever feasible.","PRUNED","","","",""
"3","business-law-and-ethics","Business Law & Ethics","foundations","clearly-distinguish-educational-explanation-from-legal-advice","Clearly distinguish educational explanation from legal advice.","PRUNED","","","",""
"3","project-management","Project Management","foundations","what-is-a-project","What Is a Project?","READY","READY_TO_PUBLISH","5","2026-08-20",""
"3","project-management","Project Management","foundations","project-life-cycle","Project Life Cycle","READY","READY_TO_PUBLISH","5","2026-08-20",""
"3","project-management","Project Management","foundations","project-initiation","Project Initiation","READY","READY_TO_PUBLISH","5","2026-08-20",""
"3","project-management","Project Management","foundations","project-charter","Project Charter","READY","READY_TO_PUBLISH","5","2026-08-20",""
"3","project-management","Project Management","foundations","project-scope","Project Scope","READY","READY_TO_PUBLISH","5","2026-08-20",""
"3","project-management","Project Management","foundations","requirements","Requirements","READY","READY_TO_PUBLISH","5","2026-08-20",""
"3","project-management","Project Management","foundations","work-breakdown-structure","Work Breakdown Structure","READY","READY_TO_PUBLISH","5","2026-08-20",""
"3","project-management","Project Management","foundations","scheduling","Scheduling","READY","READY_TO_PUBLISH","5","2026-08-20",""
"3","project-management","Project Management","foundations","dependencies","Dependencies","READY","READY_TO_PUBLISH","5","2026-08-20",""
"3","project-management","Project Management","foundations","critical-path-basics","Critical Path Basics","READY","READY_TO_PUBLISH","5","2026-08-20",""
"3","project-management","Project Management","foundations","milestones","Milestones","READY","READY_TO_PUBLISH","5","2026-08-20",""
"3","project-management","Project Management","foundations","estimating","Estimating","READY","READY_TO_PUBLISH","5","2026-08-20",""
"3","project-management","Project Management","foundations","budgeting","Budgeting","READY","READY_TO_PUBLISH","5","2026-08-20",""
"3","project-management","Project Management","foundations","resource-planning","Resource Planning","READY","READY_TO_PUBLISH","5","2026-08-20",""
"3","project-management","Project Management","foundations","stakeholders","Stakeholders","READY","READY_TO_PUBLISH","5","2026-08-20",""
"3","project-management","Project Management","foundations","communication-planning","Communication Planning","READY","READY_TO_PUBLISH","5","2026-08-20",""
"3","project-management","Project Management","foundations","risk-management","Risk Management","READY","READY_TO_PUBLISH","5","2026-08-20",""
"3","project-management","Project Management","foundations","risk-register","Risk Register","READY","READY_TO_PUBLISH","5","2026-08-20",""
"3","project-management","Project Management","foundations","quality-management","Quality Management","READY","READY_TO_PUBLISH","5","2026-08-20",""
"3","project-management","Project Management","foundations","change-control","Change Control","READY","READY_TO_PUBLISH","5","2026-08-20",""
"3","project-management","Project Management","foundations","project-tracking","Project Tracking","READY","READY_TO_PUBLISH","5","2026-08-20",""
"3","project-management","Project Management","foundations","status-reporting","Status Reporting","READY","READY_TO_PUBLISH","5","2026-08-20",""
"3","project-management","Project Management","foundations","agile-basics","Agile Basics","READY","READY_TO_PUBLISH","5","2026-08-20",""
"3","project-management","Project Management","foundations","scrum-basics","Scrum Basics","READY","READY_TO_PUBLISH","5","2026-08-20",""
"3","project-management","Project Management","foundations","kanban-basics","Kanban Basics","READY","READY_TO_PUBLISH","5","2026-08-20",""
"3","project-management","Project Management","foundations","project-closure","Project Closure","READY","READY_TO_PUBLISH","5","2026-08-20",""
"3","project-management","Project Management","foundations","retrospectives","Retrospectives","READY","READY_TO_PUBLISH","5","2026-08-20",""
"3","project-management","Project Management","foundations","lessons-learned","Lessons Learned","READY","READY_TO_PUBLISH","5","2026-08-20",""
"3","project-management","Project Management","foundations","part-iv-humanities","PART IV — HUMANITIES","PRUNED","","","",""
"3","english-and-literature","English & Literature","foundations","close-reading","Close Reading","READY","READY_TO_PUBLISH","5","2026-08-20",""
"3","english-and-literature","English & Literature","foundations","annotation","Annotation","READY","READY_TO_PUBLISH","5","2026-08-20",""
"3","english-and-literature","English & Literature","foundations","theme","Theme","READY","READY_TO_PUBLISH","5","2026-08-20",""
"3","english-and-literature","English & Literature","foundations","plot","Plot","READY","READY_TO_PUBLISH","5","2026-08-20",""
"3","english-and-literature","English & Literature","foundations","character","Character","READY","READY_TO_PUBLISH","5","2026-08-20",""
"3","english-and-literature","English & Literature","foundations","setting","Setting","READY","READY_TO_PUBLISH","5","2026-08-20",""
"3","english-and-literature","English & Literature","foundations","point-of-view","Point of View","READY","READY_TO_PUBLISH","5","2026-08-20",""
"3","english-and-literature","English & Literature","foundations","tone","Tone","READY","READY_TO_PUBLISH","5","2026-08-21",""
"3","english-and-literature","English & Literature","foundations","mood","Mood","READY","READY_TO_PUBLISH","5","2026-08-20",""
"3","english-and-literature","English & Literature","foundations","symbolism","Symbolism","READY","READY_TO_PUBLISH","5","2026-08-21",""
"3","english-and-literature","English & Literature","foundations","imagery","Imagery","READY","READY_TO_PUBLISH","5","2026-08-21",""
"3","english-and-literature","English & Literature","foundations","metaphor","Metaphor","READY","READY_TO_PUBLISH","5","2026-08-21",""
"3","english-and-literature","English & Literature","foundations","simile","Simile","READY","READY_TO_PUBLISH","5","2026-08-21",""
"3","english-and-literature","English & Literature","foundations","irony","Irony","READY","READY_TO_PUBLISH","5","2026-08-21",""
"3","english-and-literature","English & Literature","foundations","allusion","Allusion","READY","READY_TO_PUBLISH","5","2026-08-21",""
"3","english-and-literature","English & Literature","foundations","fiction","Fiction","READY","READY_TO_PUBLISH","5","2026-08-21",""
"3","english-and-literature","English & Literature","foundations","poetry","Poetry","READY","READY_TO_PUBLISH","5","2026-08-21",""
"3","english-and-literature","English & Literature","foundations","drama","Drama","READY","READY_TO_PUBLISH","5","2026-08-21",""
"3","english-and-literature","English & Literature","foundations","literary-analysis","Literary Analysis","READY","READY_TO_PUBLISH","5","2026-08-21",""
"3","english-and-literature","English & Literature","foundations","rhetorical-analysis","Rhetorical Analysis","READY","READY_TO_PUBLISH","5","2026-08-21",""
"3","english-and-literature","English & Literature","foundations","argument","Argument","READY","READY_TO_PUBLISH","5","2026-08-21",""
"3","english-and-literature","English & Literature","foundations","historical-context","Historical Context","READY","READY_TO_PUBLISH","5","2026-08-21",""
"3","english-and-literature","English & Literature","foundations","american-literature-overview","American Literature Overview","READY","READY_TO_PUBLISH","5","2026-08-21",""
"3","english-and-literature","English & Literature","foundations","world-literature-overview","World Literature Overview","READY","READY_TO_PUBLISH","5","2026-08-21",""
"3","english-and-literature","English & Literature","foundations","comparing-texts","Comparing Texts","READY","READY_TO_PUBLISH","5","2026-08-21",""
"3","english-and-literature","English & Literature","foundations","writing-about-literature","Writing About Literature","READY","READY_TO_PUBLISH","5","2026-08-21",""
"3","philosophy-and-ethics","Philosophy & Ethics","foundations","what-is-philosophy","What Is Philosophy?","READY","READY_TO_PUBLISH","5","2026-08-20",""
"3","philosophy-and-ethics","Philosophy & Ethics","foundations","philosophical-arguments","Philosophical Arguments","READY","READY_TO_PUBLISH","5","2026-08-20",""
"3","philosophy-and-ethics","Philosophy & Ethics","foundations","logic-and-reasoning","Logic and Reasoning","READY","READY_TO_PUBLISH","5","2026-08-20",""
"3","philosophy-and-ethics","Philosophy & Ethics","foundations","epistemology","Epistemology","READY","READY_TO_PUBLISH","5","2026-08-20",""
"3","philosophy-and-ethics","Philosophy & Ethics","foundations","what-is-knowledge","What Is Knowledge?","READY","READY_TO_PUBLISH","5","2026-08-20",""
"3","philosophy-and-ethics","Philosophy & Ethics","foundations","skepticism","Skepticism","READY","READY_TO_PUBLISH","5","2026-08-20",""
"3","philosophy-and-ethics","Philosophy & Ethics","foundations","metaphysics","Metaphysics","READY","READY_TO_PUBLISH","5","2026-08-20",""
"3","philosophy-and-ethics","Philosophy & Ethics","foundations","reality","Reality","READY","READY_TO_PUBLISH","5","2026-08-20",""
"3","philosophy-and-ethics","Philosophy & Ethics","foundations","mind-and-body","Mind and Body","READY","READY_TO_PUBLISH","5","2026-08-20",""
"3","philosophy-and-ethics","Philosophy & Ethics","foundations","personal-identity","Personal Identity","READY","READY_TO_PUBLISH","5","2026-08-20",""
"3","philosophy-and-ethics","Philosophy & Ethics","foundations","free-will","Free Will","READY","READY_TO_PUBLISH","5","2026-08-20",""
"3","philosophy-and-ethics","Philosophy & Ethics","foundations","determinism","Determinism","READY","READY_TO_PUBLISH","5","2026-08-20",""
"3","philosophy-and-ethics","Philosophy & Ethics","foundations","ethics","Ethics","READY","READY_TO_PUBLISH","5","2026-08-20",""
"3","philosophy-and-ethics","Philosophy & Ethics","foundations","moral-reasoning","Moral Reasoning","READY","READY_TO_PUBLISH","5","2026-08-20",""
"3","philosophy-and-ethics","Philosophy & Ethics","foundations","utilitarianism","Utilitarianism","READY","READY_TO_PUBLISH","5","2026-08-20",""
"3","philosophy-and-ethics","Philosophy & Ethics","foundations","deontology","Deontology","READY","READY_TO_PUBLISH","5","2026-08-21",""
"3","philosophy-and-ethics","Philosophy & Ethics","foundations","virtue-ethics","Virtue Ethics","READY","READY_TO_PUBLISH","5","2026-08-21",""
"3","philosophy-and-ethics","Philosophy & Ethics","foundations","social-contract-theory","Social Contract Theory","READY","READY_TO_PUBLISH","5","2026-08-21",""
"3","philosophy-and-ethics","Philosophy & Ethics","foundations","justice","Justice","READY","READY_TO_PUBLISH","5","2026-08-21",""
"3","philosophy-and-ethics","Philosophy & Ethics","foundations","rights","Rights","READY","READY_TO_PUBLISH","5","2026-08-21",""
"3","philosophy-and-ethics","Philosophy & Ethics","foundations","equality","Equality","READY","READY_TO_PUBLISH","5","2026-08-21",""
"3","philosophy-and-ethics","Philosophy & Ethics","foundations","applied-ethics","Applied Ethics","READY","READY_TO_PUBLISH","5","2026-08-21",""
"3","philosophy-and-ethics","Philosophy & Ethics","foundations","healthcare-ethics","Healthcare Ethics","READY","READY_TO_PUBLISH","5","2026-08-21",""
"3","philosophy-and-ethics","Philosophy & Ethics","foundations","technology-ethics","Technology Ethics","READY","READY_TO_PUBLISH","5","2026-08-21",""
"3","philosophy-and-ethics","Philosophy & Ethics","foundations","environmental-ethics","Environmental Ethics","READY","READY_TO_PUBLISH","5","2026-08-21",""
"3","philosophy-and-ethics","Philosophy & Ethics","foundations","ai-ethics","AI Ethics","READY","READY_TO_PUBLISH","5","2026-08-21",""
"3","philosophy-and-ethics","Philosophy & Ethics","foundations","philosophy-of-religion","Philosophy of Religion","READY","READY_TO_PUBLISH","5","2026-08-21",""
"3","philosophy-and-ethics","Philosophy & Ethics","foundations","philosophy-of-science","Philosophy of Science","READY","READY_TO_PUBLISH","5","2026-08-21",""
"3","art-history-and-visual-culture","Art History & Visual Culture","foundations","what-is-art","What Is Art?","READY","READY_TO_PUBLISH","5","2026-08-20",""
"3","art-history-and-visual-culture","Art History & Visual Culture","foundations","visual-analysis","Visual Analysis","READY","READY_TO_PUBLISH","5","2026-08-20",""
"3","art-history-and-visual-culture","Art History & Visual Culture","foundations","elements-of-art","Elements of Art","READY","READY_TO_PUBLISH","5","2026-08-20",""
"3","art-history-and-visual-culture","Art History & Visual Culture","foundations","line","Line","READY","READY_TO_PUBLISH","5","2026-08-20",""
"3","art-history-and-visual-culture","Art History & Visual Culture","foundations","shape","Shape","READY","READY_TO_PUBLISH","5","2026-08-20",""
"3","art-history-and-visual-culture","Art History & Visual Culture","foundations","form","Form","READY","READY_TO_PUBLISH","5","2026-08-20",""
"3","art-history-and-visual-culture","Art History & Visual Culture","foundations","color","Color","READY","READY_TO_PUBLISH","5","2026-08-20",""
"3","art-history-and-visual-culture","Art History & Visual Culture","foundations","texture","Texture","READY","READY_TO_PUBLISH","5","2026-08-20",""
"3","art-history-and-visual-culture","Art History & Visual Culture","foundations","space","Space","READY","READY_TO_PUBLISH","5","2026-08-20",""
"3","art-history-and-visual-culture","Art History & Visual Culture","foundations","principles-of-design","Principles of Design","READY","READY_TO_PUBLISH","5","2026-08-20",""
"3","art-history-and-visual-culture","Art History & Visual Culture","foundations","balance","Balance","READY","READY_TO_PUBLISH","5","2026-08-20",""
"3","art-history-and-visual-culture","Art History & Visual Culture","foundations","contrast","Contrast","READY","READY_TO_PUBLISH","5","2026-08-20",""
"3","art-history-and-visual-culture","Art History & Visual Culture","foundations","emphasis","Emphasis","READY","READY_TO_PUBLISH","5","2026-08-20",""
"3","art-history-and-visual-culture","Art History & Visual Culture","foundations","rhythm","Rhythm","READY","READY_TO_PUBLISH","5","2026-08-20",""
"3","art-history-and-visual-culture","Art History & Visual Culture","foundations","ancient-art","Ancient Art","READY","READY_TO_PUBLISH","5","2026-08-20",""
"3","art-history-and-visual-culture","Art History & Visual Culture","foundations","egyptian-art","Egyptian Art","READY","READY_TO_PUBLISH","5","2026-08-20",""
"3","art-history-and-visual-culture","Art History & Visual Culture","foundations","greek-art","Greek Art","READY","READY_TO_PUBLISH","5","2026-08-20",""
"3","art-history-and-visual-culture","Art History & Visual Culture","foundations","roman-art","Roman Art","READY","READY_TO_PUBLISH","5","2026-08-20",""
"3","art-history-and-visual-culture","Art History & Visual Culture","foundations","medieval-art","Medieval Art","READY","READY_TO_PUBLISH","5","2026-08-20",""
"3","art-history-and-visual-culture","Art History & Visual Culture","foundations","renaissance-art","Renaissance Art","READY","READY_TO_PUBLISH","5","2026-08-20",""
"3","art-history-and-visual-culture","Art History & Visual Culture","foundations","baroque-art","Baroque Art","READY","READY_TO_PUBLISH","5","2026-08-20",""
"3","art-history-and-visual-culture","Art History & Visual Culture","foundations","modern-art","Modern Art","READY","READY_TO_PUBLISH","5","2026-08-20",""
"3","art-history-and-visual-culture","Art History & Visual Culture","foundations","impressionism","Impressionism","READY","READY_TO_PUBLISH","5","2026-08-20",""
"3","art-history-and-visual-culture","Art History & Visual Culture","foundations","expressionism","Expressionism","READY","READY_TO_PUBLISH","5","2026-08-20",""
"3","art-history-and-visual-culture","Art History & Visual Culture","foundations","cubism","Cubism","READY","READY_TO_PUBLISH","5","2026-08-20",""
"3","art-history-and-visual-culture","Art History & Visual Culture","foundations","abstract-art","Abstract Art","READY","READY_TO_PUBLISH","5","2026-08-20",""
"3","art-history-and-visual-culture","Art History & Visual Culture","foundations","contemporary-art","Contemporary Art","READY","READY_TO_PUBLISH","5","2026-08-20",""
"3","art-history-and-visual-culture","Art History & Visual Culture","foundations","architecture","Architecture","READY","READY_TO_PUBLISH","5","2026-08-20",""
"3","art-history-and-visual-culture","Art History & Visual Culture","foundations","photography","Photography","READY","READY_TO_PUBLISH","5","2026-08-20",""
"3","art-history-and-visual-culture","Art History & Visual Culture","foundations","art-and-politics","Art and Politics","READY","READY_TO_PUBLISH","5","2026-08-20",""
"3","art-history-and-visual-culture","Art History & Visual Culture","foundations","art-and-identity","Art and Identity","READY","READY_TO_PUBLISH","5","2026-08-20",""
"3","art-history-and-visual-culture","Art History & Visual Culture","foundations","art-and-religion","Art and Religion","READY","READY_TO_PUBLISH","5","2026-08-20",""
"3","art-history-and-visual-culture","Art History & Visual Culture","foundations","museums-and-cultural-context","Museums and Cultural Context","READY","READY_TO_PUBLISH","5","2026-08-20",""
"3","art-history-and-visual-culture","Art History & Visual Culture","foundations","ethics-of-cultural-property","Ethics of Cultural Property","READY","READY_TO_PUBLISH","5","2026-08-20",""
"3","art-history-and-visual-culture","Art History & Visual Culture","foundations","use-museum-open-access-collections-for-visual-examples","Use museum open-access collections for visual examples.","PRUNED","","","",""
"3","music-appreciation","Music Appreciation","foundations","what-is-music","What Is Music?","READY","READY_TO_PUBLISH","5","2026-08-20",""
"3","music-appreciation","Music Appreciation","foundations","rhythm","Rhythm","READY","READY_TO_PUBLISH","5","2026-08-20",""
"3","music-appreciation","Music Appreciation","foundations","beat","Beat","READY","READY_TO_PUBLISH","5","2026-08-20",""
"3","music-appreciation","Music Appreciation","foundations","meter","Meter","READY","READY_TO_PUBLISH","5","2026-08-20",""
"3","music-appreciation","Music Appreciation","foundations","tempo","Tempo","READY","READY_TO_PUBLISH","5","2026-08-20",""
"3","music-appreciation","Music Appreciation","foundations","melody","Melody","READY","READY_TO_PUBLISH","5","2026-08-20",""
"3","music-appreciation","Music Appreciation","foundations","harmony","Harmony","READY","READY_TO_PUBLISH","5","2026-08-20",""
"3","music-appreciation","Music Appreciation","foundations","chords","Chords","READY","READY_TO_PUBLISH","5","2026-08-20",""
"3","music-appreciation","Music Appreciation","foundations","texture","Texture","READY","READY_TO_PUBLISH","5","2026-08-20",""
"3","music-appreciation","Music Appreciation","foundations","timbre","Timbre","READY","READY_TO_PUBLISH","5","2026-08-20",""
"3","music-appreciation","Music Appreciation","foundations","dynamics","Dynamics","READY","READY_TO_PUBLISH","5","2026-08-20",""
"3","music-appreciation","Music Appreciation","foundations","form","Form","READY","READY_TO_PUBLISH","5","2026-08-20",""
"3","music-appreciation","Music Appreciation","foundations","musical-instruments","Musical Instruments","READY","READY_TO_PUBLISH","5","2026-08-20",""
"3","music-appreciation","Music Appreciation","foundations","orchestra","Orchestra","READY","READY_TO_PUBLISH","5","2026-08-20",""
"3","music-appreciation","Music Appreciation","foundations","classical-music-overview","Classical Music Overview","READY","READY_TO_PUBLISH","5","2026-08-20",""
"3","music-appreciation","Music Appreciation","foundations","baroque-music","Baroque Music","READY","READY_TO_PUBLISH","5","2026-08-20",""
"3","music-appreciation","Music Appreciation","foundations","classical-period","Classical Period","READY","READY_TO_PUBLISH","5","2026-08-20",""
"3","music-appreciation","Music Appreciation","foundations","romantic-period","Romantic Period","READY","READY_TO_PUBLISH","5","2026-08-20",""
"3","music-appreciation","Music Appreciation","foundations","modern-music","Modern Music","READY","READY_TO_PUBLISH","5","2026-08-20",""
"3","music-appreciation","Music Appreciation","foundations","jazz","Jazz","READY","READY_TO_PUBLISH","5","2026-08-20",""
"3","music-appreciation","Music Appreciation","foundations","blues","Blues","READY","READY_TO_PUBLISH","5","2026-08-20",""
"3","music-appreciation","Music Appreciation","foundations","rock","Rock","READY","READY_TO_PUBLISH","5","2026-08-20",""
"3","music-appreciation","Music Appreciation","foundations","popular-music","Popular Music","READY","READY_TO_PUBLISH","5","2026-08-20",""
"3","music-appreciation","Music Appreciation","foundations","world-music","World Music","READY","READY_TO_PUBLISH","5","2026-08-20",""
"3","music-appreciation","Music Appreciation","foundations","film-music","Film Music","READY","READY_TO_PUBLISH","5","2026-08-20",""
"3","music-appreciation","Music Appreciation","foundations","electronic-music","Electronic Music","READY","READY_TO_PUBLISH","5","2026-08-20",""
"3","music-appreciation","Music Appreciation","foundations","listening-analysis","Listening Analysis","READY","READY_TO_PUBLISH","5","2026-08-20",""
"3","music-appreciation","Music Appreciation","foundations","music-and-culture","Music and Culture","READY","READY_TO_PUBLISH","5","2026-08-20",""
"3","film-and-media-studies","Film & Media Studies","foundations","what-is-film-language","What Is Film Language?","READY","READY_TO_PUBLISH","5","2026-08-20",""
"3","film-and-media-studies","Film & Media Studies","foundations","mise-en-sc-ne","Mise-en-scène","READY","READY_TO_PUBLISH","5","2026-08-20",""
"3","film-and-media-studies","Film & Media Studies","foundations","cinematography","Cinematography","READY","READY_TO_PUBLISH","5","2026-08-20",""
"3","film-and-media-studies","Film & Media Studies","foundations","shot-types","Shot Types","READY","READY_TO_PUBLISH","5","2026-08-20",""
"3","film-and-media-studies","Film & Media Studies","foundations","camera-movement","Camera Movement","READY","READY_TO_PUBLISH","5","2026-08-20",""
"3","film-and-media-studies","Film & Media Studies","foundations","composition","Composition","READY","READY_TO_PUBLISH","5","2026-08-20",""
"3","film-and-media-studies","Film & Media Studies","foundations","lighting","Lighting","READY","READY_TO_PUBLISH","5","2026-08-20",""
"3","film-and-media-studies","Film & Media Studies","foundations","editing","Editing","READY","READY_TO_PUBLISH","5","2026-08-20",""
"3","film-and-media-studies","Film & Media Studies","foundations","continuity-editing","Continuity Editing","READY","READY_TO_PUBLISH","5","2026-08-20",""
"3","film-and-media-studies","Film & Media Studies","foundations","montage","Montage","READY","READY_TO_PUBLISH","5","2026-08-20",""
"3","film-and-media-studies","Film & Media Studies","foundations","sound","Sound","READY","READY_TO_PUBLISH","5","2026-08-20",""
"3","film-and-media-studies","Film & Media Studies","foundations","music","Music","READY","READY_TO_PUBLISH","5","2026-08-20",""
"3","film-and-media-studies","Film & Media Studies","foundations","narrative","Narrative","READY","READY_TO_PUBLISH","5","2026-08-20",""
"3","film-and-media-studies","Film & Media Studies","foundations","character","Character","READY","READY_TO_PUBLISH","5","2026-08-21",""
"3","film-and-media-studies","Film & Media Studies","foundations","genre","Genre","READY","READY_TO_PUBLISH","5","2026-08-21",""
"3","film-and-media-studies","Film & Media Studies","foundations","documentary","Documentary","READY","READY_TO_PUBLISH","5","2026-08-21",""
"3","film-and-media-studies","Film & Media Studies","foundations","animation","Animation","READY","READY_TO_PUBLISH","5","2026-08-21",""
"3","film-and-media-studies","Film & Media Studies","foundations","representation","Representation","READY","READY_TO_PUBLISH","5","2026-08-21",""
"3","film-and-media-studies","Film & Media Studies","foundations","race-and-media","Race and Media","READY","READY_TO_PUBLISH","5","2026-08-21",""
"3","film-and-media-studies","Film & Media Studies","foundations","gender-and-media","Gender and Media","READY","READY_TO_PUBLISH","5","2026-08-21",""
"3","film-and-media-studies","Film & Media Studies","foundations","media-industries","Media Industries","READY","READY_TO_PUBLISH","5","2026-08-21",""
"3","film-and-media-studies","Film & Media Studies","foundations","media-ownership","Media Ownership","READY","READY_TO_PUBLISH","5","2026-08-21",""
"3","film-and-media-studies","Film & Media Studies","foundations","advertising","Advertising","READY","READY_TO_PUBLISH","5","2026-08-21",""
"3","film-and-media-studies","Film & Media Studies","foundations","news-media","News Media","READY","READY_TO_PUBLISH","5","2026-08-21",""
"3","film-and-media-studies","Film & Media Studies","foundations","social-media","Social Media","READY","READY_TO_PUBLISH","5","2026-08-21",""
"3","film-and-media-studies","Film & Media Studies","foundations","media-literacy","Media Literacy","READY","READY_TO_PUBLISH","5","2026-08-21",""
"3","film-and-media-studies","Film & Media Studies","foundations","propaganda","Propaganda","READY","READY_TO_PUBLISH","5","2026-08-21",""
"3","film-and-media-studies","Film & Media Studies","foundations","media-criticism","Media Criticism","READY","READY_TO_PUBLISH","5","2026-08-21",""
"3","religious-studies","Religious Studies","foundations","teach-descriptively-and-comparatively-not-devotionally","Teach descriptively and comparatively, not devotionally.","PRUNED","","","",""
"3","religious-studies","Religious Studies","foundations","what-is-religion","What Is Religion?","READY","READY_TO_PUBLISH","5","2026-08-20",""
"3","religious-studies","Religious Studies","foundations","studying-religion-academically","Studying Religion Academically","READY","READY_TO_PUBLISH","5","2026-08-20",""
"3","religious-studies","Religious Studies","foundations","myth","Myth","READY","READY_TO_PUBLISH","5","2026-08-21",""
"3","religious-studies","Religious Studies","foundations","ritual","Ritual","READY","READY_TO_PUBLISH","5","2026-08-21",""
"3","religious-studies","Religious Studies","foundations","sacred-texts","Sacred Texts","READY","READY_TO_PUBLISH","5","2026-08-21",""
"3","religious-studies","Religious Studies","foundations","religious-authority","Religious Authority","READY","READY_TO_PUBLISH","5","2026-08-21",""
"3","religious-studies","Religious Studies","foundations","ethics","Ethics","READY","READY_TO_PUBLISH","5","2026-08-21",""
"3","religious-studies","Religious Studies","foundations","religious-experience","Religious Experience","READY","READY_TO_PUBLISH","5","2026-08-21",""
"3","religious-studies","Religious Studies","foundations","indigenous-religious-traditions","Indigenous Religious Traditions","READY","READY_TO_PUBLISH","5","2026-08-21",""
"3","religious-studies","Religious Studies","foundations","hindu-traditions","Hindu Traditions","READY","READY_TO_PUBLISH","5","2026-08-21",""
"3","religious-studies","Religious Studies","foundations","buddhism","Buddhism","READY","READY_TO_PUBLISH","5","2026-08-21",""
"3","religious-studies","Religious Studies","foundations","judaism","Judaism","READY","READY_TO_PUBLISH","5","2026-08-21",""
"3","religious-studies","Religious Studies","foundations","christianity","Christianity","READY","READY_TO_PUBLISH","5","2026-08-21",""
"3","religious-studies","Religious Studies","foundations","islam","Islam","READY","READY_TO_PUBLISH","5","2026-08-21",""
"3","religious-studies","Religious Studies","foundations","sikhism","Sikhism","READY","READY_TO_PUBLISH","5","2026-08-21",""
"3","religious-studies","Religious Studies","foundations","jainism","Jainism","READY","READY_TO_PUBLISH","5","2026-08-21",""
"3","religious-studies","Religious Studies","foundations","daoism","Daoism","READY","READY_TO_PUBLISH","5","2026-08-21",""
"3","religious-studies","Religious Studies","foundations","confucian-traditions","Confucian Traditions","READY","READY_TO_PUBLISH","5","2026-08-21",""
"3","religious-studies","Religious Studies","foundations","shinto","Shinto","READY","READY_TO_PUBLISH","5","2026-08-21",""
"3","religious-studies","Religious Studies","foundations","new-religious-movements","New Religious Movements","READY","READY_TO_PUBLISH","5","2026-08-21",""
"3","religious-studies","Religious Studies","foundations","religion-and-culture","Religion and Culture","READY","READY_TO_PUBLISH","5","2026-08-21",""
"3","religious-studies","Religious Studies","foundations","religion-and-politics","Religion and Politics","READY","READY_TO_PUBLISH","5","2026-08-21",""
"3","religious-studies","Religious Studies","foundations","religion-and-gender","Religion and Gender","READY","READY_TO_PUBLISH","5","2026-08-21",""
"3","religious-studies","Religious Studies","foundations","religion-and-violence","Religion and Violence","READY","READY_TO_PUBLISH","5","2026-08-21",""
"3","religious-studies","Religious Studies","foundations","religious-diversity","Religious Diversity","READY","READY_TO_PUBLISH","5","2026-08-21",""
"3","religious-studies","Religious Studies","foundations","secularism","Secularism","READY","READY_TO_PUBLISH","5","2026-08-21",""
"3","religious-studies","Religious Studies","foundations","interfaith-relations","Interfaith Relations","READY","READY_TO_PUBLISH","5","2026-08-21",""
"3","languages-and-esl","Languages & ESL","foundations","create-this-as-a-skills-framework-rather-than-one-monolithic-course","Create this as a skills framework rather than one monolithic course.","PRUNED","","","",""
"3","languages-and-esl","Languages & ESL","foundations","parts-of-speech","Parts of Speech","READY","READY_TO_PUBLISH","5","2026-08-20",""
"3","languages-and-esl","Languages & ESL","foundations","sentence-structure","Sentence Structure","READY","READY_TO_PUBLISH","5","2026-08-21",""
"3","languages-and-esl","Languages & ESL","foundations","subject-and-predicate","Subject and Predicate","READY","READY_TO_PUBLISH","5","2026-08-21",""
"3","languages-and-esl","Languages & ESL","foundations","nouns","Nouns","READY","READY_TO_PUBLISH","5","2026-08-21",""
"3","languages-and-esl","Languages & ESL","foundations","pronouns","Pronouns","READY","READY_TO_PUBLISH","5","2026-08-21",""
"3","languages-and-esl","Languages & ESL","foundations","verbs","Verbs","READY","READY_TO_PUBLISH","5","2026-08-21",""
"3","languages-and-esl","Languages & ESL","foundations","adjectives","Adjectives","READY","READY_TO_PUBLISH","5","2026-08-21",""
"3","languages-and-esl","Languages & ESL","foundations","adverbs","Adverbs","READY","READY_TO_PUBLISH","5","2026-08-21",""
"3","languages-and-esl","Languages & ESL","foundations","articles","Articles","READY","READY_TO_PUBLISH","5","2026-08-21",""
"3","languages-and-esl","Languages & ESL","foundations","prepositions","Prepositions","READY","READY_TO_PUBLISH","5","2026-08-21",""
"3","languages-and-esl","Languages & ESL","foundations","verb-tenses","Verb Tenses","READY","READY_TO_PUBLISH","5","2026-08-21",""
"3","languages-and-esl","Languages & ESL","foundations","subject-verb-agreement","Subject-Verb Agreement","READY","READY_TO_PUBLISH","5","2026-08-21",""
"3","languages-and-esl","Languages & ESL","foundations","questions","Questions","READY","READY_TO_PUBLISH","5","2026-08-21",""
"3","languages-and-esl","Languages & ESL","foundations","negation","Negation","READY","READY_TO_PUBLISH","5","2026-08-21",""
"3","languages-and-esl","Languages & ESL","foundations","vocabulary-building","Vocabulary Building","READY","READY_TO_PUBLISH","5","2026-08-21",""
"3","languages-and-esl","Languages & ESL","foundations","context-clues","Context Clues","READY","READY_TO_PUBLISH","5","2026-08-21",""
"3","languages-and-esl","Languages & ESL","foundations","pronunciation","Pronunciation","READY","READY_TO_PUBLISH","5","2026-08-21",""
"3","languages-and-esl","Languages & ESL","foundations","listening-comprehension","Listening Comprehension","READY","READY_TO_PUBLISH","5","2026-08-21",""
"3","languages-and-esl","Languages & ESL","foundations","reading-comprehension","Reading Comprehension","READY","READY_TO_PUBLISH","5","2026-08-21",""
"3","languages-and-esl","Languages & ESL","foundations","conversation-skills","Conversation Skills","READY","READY_TO_PUBLISH","5","2026-08-21",""
"3","languages-and-esl","Languages & ESL","foundations","academic-vocabulary","Academic Vocabulary","READY","READY_TO_PUBLISH","5","2026-08-21",""
"3","languages-and-esl","Languages & ESL","foundations","paragraph-writing","Paragraph Writing","READY","READY_TO_PUBLISH","5","2026-08-21",""
"3","languages-and-esl","Languages & ESL","foundations","essay-writing","Essay Writing","READY","READY_TO_PUBLISH","5","2026-08-21",""
"3","languages-and-esl","Languages & ESL","foundations","email-writing","Email Writing","READY","READY_TO_PUBLISH","5","2026-08-21",""
"3","languages-and-esl","Languages & ESL","foundations","presentation-english","Presentation English","READY","READY_TO_PUBLISH","5","2026-08-21",""
"3","languages-and-esl","Languages & ESL","foundations","cultural-communication","Cultural Communication","READY","READY_TO_PUBLISH","5","2026-08-21",""
"3","languages-and-esl","Languages & ESL","foundations","for-additional-languages-create-separate-language-specific-curricula","For additional languages, create separate language-specific curricula.","PRUNED","","","",""
"3","languages-and-esl","Languages & ESL","foundations","part-v-earth-health-and-social-sciences","PART V — EARTH, HEALTH & SOCIAL SCIENCES","PRUNED","","","",""
"3","earth-and-space-science","Earth & Space Science","foundations","earth-foundations","Earth Foundations","READY","READY_TO_PUBLISH","5","2026-08-20",""
"3","earth-and-space-science","Earth & Space Science","foundations","structure-of-earth","Structure of Earth","READY","READY_TO_PUBLISH","5","2026-08-20",""
"3","earth-and-space-science","Earth & Space Science","foundations","earth-s-layers","Earth's Layers","READY","READY_TO_PUBLISH","5","2026-08-20",""
"3","earth-and-space-science","Earth & Space Science","foundations","minerals","Minerals","READY","READY_TO_PUBLISH","5","2026-08-20",""
"3","earth-and-space-science","Earth & Space Science","foundations","mineral-identification","Mineral Identification","READY","READY_TO_PUBLISH","5","2026-08-20",""
"3","earth-and-space-science","Earth & Space Science","foundations","rocks","Rocks","READY","READY_TO_PUBLISH","5","2026-08-20",""
"3","earth-and-space-science","Earth & Space Science","foundations","igneous-rocks","Igneous Rocks","READY","READY_TO_PUBLISH","5","2026-08-20",""
"3","earth-and-space-science","Earth & Space Science","foundations","sedimentary-rocks","Sedimentary Rocks","READY","READY_TO_PUBLISH","5","2026-08-20",""
"3","earth-and-space-science","Earth & Space Science","foundations","metamorphic-rocks","Metamorphic Rocks","READY","READY_TO_PUBLISH","5","2026-08-20",""
"3","earth-and-space-science","Earth & Space Science","foundations","rock-cycle","Rock Cycle","READY","READY_TO_PUBLISH","5","2026-08-20",""
"3","earth-and-space-science","Earth & Space Science","foundations","dynamic-earth","Dynamic Earth","READY","READY_TO_PUBLISH","5","2026-08-20",""
"3","earth-and-space-science","Earth & Space Science","foundations","plate-tectonics","Plate Tectonics","READY","READY_TO_PUBLISH","5","2026-08-20",""
"3","earth-and-space-science","Earth & Space Science","foundations","continental-drift","Continental Drift","READY","READY_TO_PUBLISH","5","2026-08-20",""
"3","earth-and-space-science","Earth & Space Science","foundations","plate-boundaries","Plate Boundaries","READY","READY_TO_PUBLISH","5","2026-08-20",""
"3","earth-and-space-science","Earth & Space Science","foundations","earthquakes","Earthquakes","READY","READY_TO_PUBLISH","5","2026-08-20",""
"3","earth-and-space-science","Earth & Space Science","foundations","seismic-waves","Seismic Waves","READY","READY_TO_PUBLISH","5","2026-08-20",""
"3","earth-and-space-science","Earth & Space Science","foundations","volcanoes","Volcanoes","READY","READY_TO_PUBLISH","5","2026-08-21",""
"3","earth-and-space-science","Earth & Space Science","foundations","mountain-building","Mountain Building","READY","READY_TO_PUBLISH","5","2026-08-21",""
"3","earth-and-space-science","Earth & Space Science","foundations","surface-processes","Surface Processes","READY","READY_TO_PUBLISH","5","2026-08-21",""
"3","earth-and-space-science","Earth & Space Science","foundations","weathering","Weathering","READY","READY_TO_PUBLISH","5","2026-08-21",""
"3","earth-and-space-science","Earth & Space Science","foundations","erosion","Erosion","READY","READY_TO_PUBLISH","5","2026-08-21",""
"3","earth-and-space-science","Earth & Space Science","foundations","soil","Soil","READY","READY_TO_PUBLISH","5","2026-08-21",""
"3","earth-and-space-science","Earth & Space Science","foundations","rivers","Rivers","READY","READY_TO_PUBLISH","5","2026-08-21",""
"3","earth-and-space-science","Earth & Space Science","foundations","groundwater","Groundwater","READY","READY_TO_PUBLISH","5","2026-08-21",""
"3","earth-and-space-science","Earth & Space Science","foundations","glaciers","Glaciers","READY","READY_TO_PUBLISH","5","2026-08-21",""
"3","earth-and-space-science","Earth & Space Science","foundations","atmosphere-and-oceans","Atmosphere & Oceans","READY","READY_TO_PUBLISH","5","2026-08-21",""
"3","earth-and-space-science","Earth & Space Science","foundations","atmosphere","Atmosphere","READY","READY_TO_PUBLISH","5","2026-08-21",""
"3","earth-and-space-science","Earth & Space Science","foundations","weather","Weather","READY","READY_TO_PUBLISH","5","2026-08-21",""
"3","earth-and-space-science","Earth & Space Science","foundations","air-pressure","Air Pressure","READY","READY_TO_PUBLISH","5","2026-08-21",""
"3","earth-and-space-science","Earth & Space Science","foundations","fronts","Fronts","READY","READY_TO_PUBLISH","5","2026-08-21",""
"3","earth-and-space-science","Earth & Space Science","foundations","storms","Storms","READY","READY_TO_PUBLISH","5","2026-08-21",""
"3","earth-and-space-science","Earth & Space Science","foundations","climate","Climate","READY","READY_TO_PUBLISH","5","2026-08-21",""
"3","earth-and-space-science","Earth & Space Science","foundations","climate-change","Climate Change","READY","READY_TO_PUBLISH","5","2026-08-21",""
"3","earth-and-space-science","Earth & Space Science","foundations","ocean-circulation","Ocean Circulation","READY","READY_TO_PUBLISH","5","2026-08-21",""
"3","earth-and-space-science","Earth & Space Science","foundations","ocean-systems","Ocean Systems","READY","READY_TO_PUBLISH","5","2026-08-21",""
"3","earth-and-space-science","Earth & Space Science","foundations","astronomy","Astronomy","READY","READY_TO_PUBLISH","5","2026-08-21",""
"3","earth-and-space-science","Earth & Space Science","foundations","solar-system","Solar System","READY","READY_TO_PUBLISH","5","2026-08-21",""
"3","earth-and-space-science","Earth & Space Science","foundations","sun","Sun","READY","READY_TO_PUBLISH","5","2026-08-21",""
"3","earth-and-space-science","Earth & Space Science","foundations","terrestrial-planets","Terrestrial Planets","READY","READY_TO_PUBLISH","5","2026-08-21",""
"3","earth-and-space-science","Earth & Space Science","foundations","gas-giants","Gas Giants","READY","READY_TO_PUBLISH","5","2026-08-21",""
"3","earth-and-space-science","Earth & Space Science","foundations","moons","Moons","READY","READY_TO_PUBLISH","5","2026-08-21",""
"3","earth-and-space-science","Earth & Space Science","foundations","asteroids-and-comets","Asteroids and Comets","READY","READY_TO_PUBLISH","5","2026-08-21",""
"3","earth-and-space-science","Earth & Space Science","foundations","stars","Stars","READY","READY_TO_PUBLISH","5","2026-08-21",""
"3","earth-and-space-science","Earth & Space Science","foundations","stellar-life-cycle","Stellar Life Cycle","READY","READY_TO_PUBLISH","5","2026-08-21",""
"3","earth-and-space-science","Earth & Space Science","foundations","galaxies","Galaxies","READY","READY_TO_PUBLISH","5","2026-08-21",""
"3","earth-and-space-science","Earth & Space Science","foundations","milky-way","Milky Way","READY","READY_TO_PUBLISH","5","2026-08-21",""
"3","earth-and-space-science","Earth & Space Science","foundations","universe","Universe","READY","READY_TO_PUBLISH","5","2026-08-21",""
"3","earth-and-space-science","Earth & Space Science","foundations","big-bang-basics","Big Bang Basics","READY","READY_TO_PUBLISH","5","2026-08-21",""
"4","nutrition","Nutrition","foundations","what-nutrition-science-studies","What Nutrition Science Studies","READY","READY_TO_PUBLISH","5","2026-08-22",""
"4","nutrition","Nutrition","foundations","energy-and-calories","Energy and Calories","READY","READY_TO_PUBLISH","5","2026-08-22",""
"4","nutrition","Nutrition","foundations","digestion","Digestion","READY","READY_TO_PUBLISH","5","2026-08-22",""
"4","nutrition","Nutrition","foundations","absorption","Absorption","READY","READY_TO_PUBLISH","5","2026-08-22",""
"4","nutrition","Nutrition","foundations","metabolism","Metabolism","READY","READY_TO_PUBLISH","5","2026-08-22",""
"4","nutrition","Nutrition","foundations","carbohydrates","Carbohydrates","READY","READY_TO_PUBLISH","5","2026-08-22",""
"4","nutrition","Nutrition","foundations","simple-and-complex-carbohydrates","Simple and Complex Carbohydrates","READY","READY_TO_PUBLISH","5","2026-08-22",""
"4","nutrition","Nutrition","foundations","fiber","Fiber","READY","READY_TO_PUBLISH","5","2026-08-22",""
"4","nutrition","Nutrition","foundations","proteins","Proteins","READY","READY_TO_PUBLISH","5","2026-08-22",""
"4","nutrition","Nutrition","foundations","amino-acids","Amino Acids","READY","READY_TO_PUBLISH","5","2026-08-22",""
"4","nutrition","Nutrition","foundations","fats","Fats","READY","READY_TO_PUBLISH","5","2026-08-22",""
"4","nutrition","Nutrition","foundations","saturated-and-unsaturated-fat","Saturated and Unsaturated Fat","READY","READY_TO_PUBLISH","5","2026-08-22",""
"4","nutrition","Nutrition","foundations","essential-fatty-acids","Essential Fatty Acids","READY","READY_TO_PUBLISH","5","2026-08-22",""
"4","nutrition","Nutrition","foundations","water","Water","READY","READY_TO_PUBLISH","5","2026-08-22",""
"4","nutrition","Nutrition","foundations","hydration","Hydration","READY","READY_TO_PUBLISH","5","2026-08-22",""
"4","nutrition","Nutrition","foundations","vitamins","Vitamins","READY","READY_TO_PUBLISH","5","2026-08-22",""
"4","nutrition","Nutrition","foundations","fat-soluble-vitamins","Fat-Soluble Vitamins","READY","READY_TO_PUBLISH","5","2026-08-22",""
"4","nutrition","Nutrition","foundations","water-soluble-vitamins","Water-Soluble Vitamins","READY","READY_TO_PUBLISH","5","2026-08-22",""
"4","nutrition","Nutrition","foundations","minerals","Minerals","READY","READY_TO_PUBLISH","5","2026-08-22",""
"4","nutrition","Nutrition","foundations","electrolytes","Electrolytes","READY","READY_TO_PUBLISH","5","2026-08-22",""
"4","nutrition","Nutrition","foundations","energy-balance","Energy Balance","READY","READY_TO_PUBLISH","5","2026-08-22",""
"4","nutrition","Nutrition","foundations","nutrition-labels","Nutrition Labels","READY","READY_TO_PUBLISH","5","2026-08-22",""
"4","nutrition","Nutrition","foundations","portion-sizes","Portion Sizes","READY","READY_TO_PUBLISH","5","2026-08-22",""
"4","nutrition","Nutrition","foundations","dietary-patterns","Dietary Patterns","READY","READY_TO_PUBLISH","5","2026-08-22",""
"4","nutrition","Nutrition","foundations","nutrition-across-the-lifespan","Nutrition Across the Lifespan","READY","READY_TO_PUBLISH","5","2026-08-22",""
"4","nutrition","Nutrition","foundations","food-safety","Food Safety","READY","READY_TO_PUBLISH","5","2026-08-22",""
"4","nutrition","Nutrition","foundations","foodborne-illness","Foodborne Illness","READY","READY_TO_PUBLISH","5","2026-08-22",""
"4","nutrition","Nutrition","foundations","supplements","Supplements","READY","READY_TO_PUBLISH","5","2026-08-22",""
"4","nutrition","Nutrition","foundations","evaluating-nutrition-claims","Evaluating Nutrition Claims","READY","READY_TO_PUBLISH","5","2026-08-22",""
"4","public-health","Public Health","foundations","what-is-public-health","What Is Public Health?","READY","READY_TO_PUBLISH","5","2026-08-22",""
"4","public-health","Public Health","foundations","population-health","Population Health","READY","READY_TO_PUBLISH","5","2026-08-22",""
"4","public-health","Public Health","foundations","individual-health-versus-population-health","Individual Health Versus Population Health","READY","READY_TO_PUBLISH","5","2026-08-22",""
"4","public-health","Public Health","foundations","social-determinants-of-health","Social Determinants of Health","READY","READY_TO_PUBLISH","5","2026-08-22",""
"4","public-health","Public Health","foundations","health-disparities","Health Disparities","READY","READY_TO_PUBLISH","5","2026-08-22",""
"4","public-health","Public Health","foundations","health-equity","Health Equity","READY","READY_TO_PUBLISH","5","2026-08-22",""
"4","public-health","Public Health","foundations","epidemiology","Epidemiology","READY","READY_TO_PUBLISH","5","2026-08-22",""
"4","public-health","Public Health","foundations","incidence","Incidence","READY","READY_TO_PUBLISH","5","2026-08-22",""
"4","public-health","Public Health","foundations","prevalence","Prevalence","READY","READY_TO_PUBLISH","5","2026-08-22",""
"4","public-health","Public Health","foundations","risk","Risk","READY","READY_TO_PUBLISH","5","2026-08-22",""
"4","public-health","Public Health","foundations","disease-surveillance","Disease Surveillance","READY","READY_TO_PUBLISH","5","2026-08-22",""
"4","public-health","Public Health","foundations","outbreak-investigation","Outbreak Investigation","READY","READY_TO_PUBLISH","5","2026-08-22",""
"4","public-health","Public Health","foundations","epidemic-versus-pandemic","Epidemic Versus Pandemic","READY","READY_TO_PUBLISH","5","2026-08-22",""
"4","public-health","Public Health","foundations","prevention","Prevention","READY","READY_TO_PUBLISH","5","2026-08-22",""
"4","public-health","Public Health","foundations","primary-prevention","Primary Prevention","READY","READY_TO_PUBLISH","5","2026-08-22",""
"4","public-health","Public Health","foundations","secondary-prevention","Secondary Prevention","READY","READY_TO_PUBLISH","5","2026-08-22",""
"4","public-health","Public Health","foundations","tertiary-prevention","Tertiary Prevention","READY","READY_TO_PUBLISH","5","2026-08-22",""
"4","public-health","Public Health","foundations","vaccination","Vaccination","READY","READY_TO_PUBLISH","5","2026-08-22",""
"4","public-health","Public Health","foundations","herd-immunity","Herd Immunity","READY","READY_TO_PUBLISH","5","2026-08-22",""
"4","public-health","Public Health","foundations","health-promotion","Health Promotion","READY","READY_TO_PUBLISH","5","2026-08-22",""
"4","public-health","Public Health","foundations","health-education","Health Education","READY","READY_TO_PUBLISH","5","2026-08-22",""
"4","public-health","Public Health","foundations","community-health","Community Health","READY","READY_TO_PUBLISH","5","2026-08-22",""
"4","public-health","Public Health","foundations","environmental-health","Environmental Health","READY","READY_TO_PUBLISH","5","2026-08-22",""
"4","public-health","Public Health","foundations","occupational-health","Occupational Health","READY","READY_TO_PUBLISH","5","2026-08-22",""
"4","public-health","Public Health","foundations","global-health","Global Health","READY","READY_TO_PUBLISH","5","2026-08-22",""
"4","public-health","Public Health","foundations","maternal-and-child-health","Maternal and Child Health","READY","READY_TO_PUBLISH","5","2026-08-22",""
"4","public-health","Public Health","foundations","public-health-policy","Public Health Policy","READY","READY_TO_PUBLISH","5","2026-08-22",""
"4","public-health","Public Health","foundations","emergency-preparedness","Emergency Preparedness","READY","READY_TO_PUBLISH","5","2026-08-22",""
"4","public-health","Public Health","foundations","evidence-in-public-health","Evidence in Public Health","READY","READY_TO_PUBLISH","5","2026-08-22",""
"4","nursing-and-allied-health-foundations","Nursing & Allied Health Foundations","foundations","keep-foundational-and-educational","Keep foundational and educational.","READY","READY_TO_PUBLISH","5","2026-08-22",""
"4","nursing-and-allied-health-foundations","Nursing & Allied Health Foundations","foundations","healthcare-team-roles","Healthcare Team Roles","READY","READY_TO_PUBLISH","5","2026-08-22",""
"4","nursing-and-allied-health-foundations","Nursing & Allied Health Foundations","foundations","medical-terminology","Medical Terminology","READY","READY_TO_PUBLISH","5","2026-08-22",""
"4","nursing-and-allied-health-foundations","Nursing & Allied Health Foundations","foundations","prefixes-roots-and-suffixes","Prefixes, Roots, and Suffixes","READY","READY_TO_PUBLISH","5","2026-08-22",""
"4","nursing-and-allied-health-foundations","Nursing & Allied Health Foundations","foundations","infection-control","Infection Control","READY","READY_TO_PUBLISH","5","2026-08-22",""
"4","nursing-and-allied-health-foundations","Nursing & Allied Health Foundations","foundations","chain-of-infection","Chain of Infection","READY","READY_TO_PUBLISH","5","2026-08-22",""
"4","nursing-and-allied-health-foundations","Nursing & Allied Health Foundations","foundations","hand-hygiene","Hand Hygiene","READY","READY_TO_PUBLISH","5","2026-08-22",""
"4","nursing-and-allied-health-foundations","Nursing & Allied Health Foundations","foundations","standard-precautions","Standard Precautions","READY","READY_TO_PUBLISH","5","2026-08-22",""
"4","nursing-and-allied-health-foundations","Nursing & Allied Health Foundations","foundations","transmission-based-precautions","Transmission-Based Precautions","READY","READY_TO_PUBLISH","5","2026-08-22",""
"4","nursing-and-allied-health-foundations","Nursing & Allied Health Foundations","foundations","vital-signs","Vital Signs","READY","READY_TO_PUBLISH","5","2026-08-22",""
"4","nursing-and-allied-health-foundations","Nursing & Allied Health Foundations","foundations","temperature","Temperature","READY","READY_TO_PUBLISH","5","2026-08-22",""
"4","nursing-and-allied-health-foundations","Nursing & Allied Health Foundations","foundations","pulse","Pulse","READY","READY_TO_PUBLISH","5","2026-08-22",""
"4","nursing-and-allied-health-foundations","Nursing & Allied Health Foundations","foundations","respirations","Respirations","READY","READY_TO_PUBLISH","5","2026-08-22",""
"4","nursing-and-allied-health-foundations","Nursing & Allied Health Foundations","foundations","blood-pressure","Blood Pressure","READY","READY_TO_PUBLISH","5","2026-08-22",""
"4","nursing-and-allied-health-foundations","Nursing & Allied Health Foundations","foundations","oxygen-saturation","Oxygen Saturation","READY","READY_TO_PUBLISH","5","2026-08-22",""
"4","nursing-and-allied-health-foundations","Nursing & Allied Health Foundations","foundations","patient-safety","Patient Safety","READY","READY_TO_PUBLISH","5","2026-08-22",""
"4","nursing-and-allied-health-foundations","Nursing & Allied Health Foundations","foundations","fall-prevention","Fall Prevention","READY","READY_TO_PUBLISH","5","2026-08-22",""
"4","nursing-and-allied-health-foundations","Nursing & Allied Health Foundations","foundations","communication","Communication","READY","READY_TO_PUBLISH","5","2026-08-22",""
"4","nursing-and-allied-health-foundations","Nursing & Allied Health Foundations","foundations","therapeutic-communication","Therapeutic Communication","READY","READY_TO_PUBLISH","5","2026-08-22",""
"4","nursing-and-allied-health-foundations","Nursing & Allied Health Foundations","foundations","documentation","Documentation","READY","READY_TO_PUBLISH","5","2026-08-22",""
"4","nursing-and-allied-health-foundations","Nursing & Allied Health Foundations","foundations","health-assessment-basics","Health Assessment Basics","READY","READY_TO_PUBLISH","5","2026-08-22",""
"4","nursing-and-allied-health-foundations","Nursing & Allied Health Foundations","foundations","inspection","Inspection","READY","READY_TO_PUBLISH","5","2026-08-22",""
"4","nursing-and-allied-health-foundations","Nursing & Allied Health Foundations","foundations","palpation","Palpation","READY","READY_TO_PUBLISH","5","2026-08-22",""
"4","nursing-and-allied-health-foundations","Nursing & Allied Health Foundations","foundations","percussion","Percussion","READY","READY_TO_PUBLISH","5","2026-08-22",""
"4","nursing-and-allied-health-foundations","Nursing & Allied Health Foundations","foundations","auscultation","Auscultation","READY","READY_TO_PUBLISH","5","2026-08-22",""
"4","nursing-and-allied-health-foundations","Nursing & Allied Health Foundations","foundations","pharmacology-foundations","Pharmacology Foundations","READY","READY_TO_PUBLISH","5","2026-08-22",""
"4","nursing-and-allied-health-foundations","Nursing & Allied Health Foundations","foundations","pharmacokinetics","Pharmacokinetics","READY","READY_TO_PUBLISH","5","2026-08-22",""
"4","nursing-and-allied-health-foundations","Nursing & Allied Health Foundations","foundations","pharmacodynamics","Pharmacodynamics","READY","READY_TO_PUBLISH","5","2026-08-22",""
"4","nursing-and-allied-health-foundations","Nursing & Allied Health Foundations","foundations","medication-safety","Medication Safety","READY","READY_TO_PUBLISH","5","2026-08-22",""
"4","nursing-and-allied-health-foundations","Nursing & Allied Health Foundations","foundations","pathophysiology-basics","Pathophysiology Basics","READY","READY_TO_PUBLISH","5","2026-08-22",""
"4","nursing-and-allied-health-foundations","Nursing & Allied Health Foundations","foundations","cellular-injury","Cellular Injury","READY","READY_TO_PUBLISH","5","2026-08-22",""
"4","nursing-and-allied-health-foundations","Nursing & Allied Health Foundations","foundations","inflammation","Inflammation","READY","READY_TO_PUBLISH","5","2026-08-22",""
"4","nursing-and-allied-health-foundations","Nursing & Allied Health Foundations","foundations","fluid-and-electrolyte-basics","Fluid and Electrolyte Basics","READY","READY_TO_PUBLISH","5","2026-08-22",""
"4","nursing-and-allied-health-foundations","Nursing & Allied Health Foundations","foundations","ethics","Ethics","READY","READY_TO_PUBLISH","5","2026-08-22",""
"4","nursing-and-allied-health-foundations","Nursing & Allied Health Foundations","foundations","informed-consent","Informed Consent","READY","READY_TO_PUBLISH","5","2026-08-22",""
"4","nursing-and-allied-health-foundations","Nursing & Allied Health Foundations","foundations","confidentiality","Confidentiality","READY","READY_TO_PUBLISH","5","2026-08-22",""
"4","nursing-and-allied-health-foundations","Nursing & Allied Health Foundations","foundations","evidence-based-practice","Evidence-Based Practice","READY","READY_TO_PUBLISH","5","2026-08-22",""
"4","nursing-and-allied-health-foundations","Nursing & Allied Health Foundations","foundations","research-literacy","Research Literacy","READY","READY_TO_PUBLISH","5","2026-08-22",""
"4","nursing-and-allied-health-foundations","Nursing & Allied Health Foundations","foundations","clinical-judgment-foundations","Clinical Judgment Foundations","READY","READY_TO_PUBLISH","5","2026-08-22",""
"4","nursing-and-allied-health-foundations","Nursing & Allied Health Foundations","foundations","clinical-content-should-receive-stronger-source-and-editorial-review","Clinical content should receive stronger source and editorial review.","READY","READY_TO_PUBLISH","5","2026-08-22",""
"4","psychology","Psychology","foundations","what-psychology-studies","What Psychology Studies","READY","READY_TO_PUBLISH","5","2026-08-22",""
"4","psychology","Psychology","foundations","scientific-method-in-psychology","Scientific Method in Psychology","READY","READY_TO_PUBLISH","5","2026-08-22",""
"4","psychology","Psychology","foundations","research-methods","Research Methods","READY","READY_TO_PUBLISH","5","2026-08-22",""
"4","psychology","Psychology","foundations","experiments","Experiments","READY","READY_TO_PUBLISH","5","2026-08-22",""
"4","psychology","Psychology","foundations","correlation","Correlation","READY","READY_TO_PUBLISH","5","2026-08-22",""
"4","psychology","Psychology","foundations","correlation-versus-causation","Correlation Versus Causation","READY","READY_TO_PUBLISH","5","2026-08-22",""
"4","psychology","Psychology","foundations","ethics-in-psychological-research","Ethics in Psychological Research","READY","READY_TO_PUBLISH","5","2026-08-22",""
"4","psychology","Psychology","foundations","brain-and-nervous-system","Brain and Nervous System","READY","READY_TO_PUBLISH","5","2026-08-22",""
"4","psychology","Psychology","foundations","neurons","Neurons","READY","READY_TO_PUBLISH","5","2026-08-22",""
"4","psychology","Psychology","foundations","neurotransmitters","Neurotransmitters","READY","READY_TO_PUBLISH","5","2026-08-22",""
"4","psychology","Psychology","foundations","brain-structures","Brain Structures","READY","READY_TO_PUBLISH","5","2026-08-22",""
"4","psychology","Psychology","foundations","sensation","Sensation","READY","READY_TO_PUBLISH","5","2026-08-22",""
"4","psychology","Psychology","foundations","perception","Perception","READY","READY_TO_PUBLISH","5","2026-08-22",""
"4","psychology","Psychology","foundations","consciousness","Consciousness","READY","READY_TO_PUBLISH","5","2026-08-22",""
"4","psychology","Psychology","foundations","sleep","Sleep","READY","READY_TO_PUBLISH","5","2026-08-22",""
"4","psychology","Psychology","foundations","learning","Learning","READY","READY_TO_PUBLISH","5","2026-08-22",""
"4","psychology","Psychology","foundations","classical-conditioning","Classical Conditioning","READY","READY_TO_PUBLISH","5","2026-08-22",""
"4","psychology","Psychology","foundations","operant-conditioning","Operant Conditioning","READY","READY_TO_PUBLISH","5","2026-08-22",""
"4","psychology","Psychology","foundations","observational-learning","Observational Learning","READY","READY_TO_PUBLISH","5","2026-08-22",""
"4","psychology","Psychology","foundations","memory","Memory","READY","READY_TO_PUBLISH","5","2026-08-22",""
"4","psychology","Psychology","foundations","encoding","Encoding","READY","READY_TO_PUBLISH","5","2026-08-22",""
"4","psychology","Psychology","foundations","storage","Storage","READY","READY_TO_PUBLISH","5","2026-08-22",""
"4","psychology","Psychology","foundations","retrieval","Retrieval","READY","READY_TO_PUBLISH","5","2026-08-22",""
"4","psychology","Psychology","foundations","forgetting","Forgetting","READY","READY_TO_PUBLISH","5","2026-08-22",""
"4","psychology","Psychology","foundations","development","Development","READY","READY_TO_PUBLISH","5","2026-08-22",""
"4","psychology","Psychology","foundations","personality","Personality","READY","READY_TO_PUBLISH","5","2026-08-22",""
"4","psychology","Psychology","foundations","intelligence","Intelligence","READY","READY_TO_PUBLISH","5","2026-08-22",""
"4","psychology","Psychology","foundations","motivation","Motivation","READY","READY_TO_PUBLISH","5","2026-08-22",""
"4","psychology","Psychology","foundations","emotion","Emotion","READY","READY_TO_PUBLISH","5","2026-08-22",""
"4","psychology","Psychology","foundations","social-psychology","Social Psychology","READY","READY_TO_PUBLISH","5","2026-08-22",""
"4","psychology","Psychology","foundations","conformity","Conformity","READY","READY_TO_PUBLISH","5","2026-08-22",""
"4","psychology","Psychology","foundations","stress","Stress","READY","READY_TO_PUBLISH","5","2026-08-22",""
"4","psychology","Psychology","foundations","coping","Coping","READY","READY_TO_PUBLISH","5","2026-08-22",""
"4","psychology","Psychology","foundations","psychological-disorders","Psychological Disorders","READY","READY_TO_PUBLISH","5","2026-08-22",""
"4","psychology","Psychology","foundations","mental-health-treatment-overview","Mental Health Treatment Overview","READY","READY_TO_PUBLISH","5","2026-08-22",""
"4","sociology","Sociology","foundations","what-is-sociology","What Is Sociology?","READY","READY_TO_PUBLISH","5","2026-08-22",""
"4","sociology","Sociology","foundations","sociological-imagination","Sociological Imagination","READY","READY_TO_PUBLISH","5","2026-08-22",""
"4","sociology","Sociology","foundations","sociological-research","Sociological Research","READY","READY_TO_PUBLISH","5","2026-08-22",""
"4","sociology","Sociology","foundations","culture","Culture","READY","READY_TO_PUBLISH","5","2026-08-22",""
"4","sociology","Sociology","foundations","norms","Norms","READY","READY_TO_PUBLISH","5","2026-08-22",""
"4","sociology","Sociology","foundations","values","Values","READY","READY_TO_PUBLISH","5","2026-08-22",""
"4","sociology","Sociology","foundations","socialization","Socialization","READY","READY_TO_PUBLISH","5","2026-08-22",""
"4","sociology","Sociology","foundations","social-roles","Social Roles","READY","READY_TO_PUBLISH","5","2026-08-22",""
"4","sociology","Sociology","foundations","groups","Groups","READY","READY_TO_PUBLISH","5","2026-08-22",""
"4","sociology","Sociology","foundations","organizations","Organizations","READY","READY_TO_PUBLISH","5","2026-08-22",""
"4","sociology","Sociology","foundations","deviance","Deviance","READY","READY_TO_PUBLISH","5","2026-08-22",""
"4","sociology","Sociology","foundations","social-control","Social Control","READY","READY_TO_PUBLISH","5","2026-08-22",""
"4","sociology","Sociology","foundations","crime-and-society","Crime and Society","READY","READY_TO_PUBLISH","5","2026-08-22",""
"4","sociology","Sociology","foundations","social-stratification","Social Stratification","READY","READY_TO_PUBLISH","5","2026-08-22",""
"4","sociology","Sociology","foundations","social-class","Social Class","READY","READY_TO_PUBLISH","5","2026-08-22",""
"4","sociology","Sociology","foundations","poverty","Poverty","READY","READY_TO_PUBLISH","5","2026-08-22",""
"4","sociology","Sociology","foundations","race-and-ethnicity","Race and Ethnicity","READY","READY_TO_PUBLISH","5","2026-08-22",""
"4","sociology","Sociology","foundations","gender","Gender","READY","READY_TO_PUBLISH","5","2026-08-22",""
"4","sociology","Sociology","foundations","family","Family","READY","READY_TO_PUBLISH","5","2026-08-22",""
"4","sociology","Sociology","foundations","education","Education","READY","READY_TO_PUBLISH","5","2026-08-22",""
"4","sociology","Sociology","foundations","religion","Religion","READY","READY_TO_PUBLISH","5","2026-08-22",""
"4","sociology","Sociology","foundations","work","Work","READY","READY_TO_PUBLISH","5","2026-08-22",""
"4","sociology","Sociology","foundations","economy","Economy","READY","READY_TO_PUBLISH","5","2026-08-22",""
"4","sociology","Sociology","foundations","politics","Politics","READY","READY_TO_PUBLISH","5","2026-08-22",""
"4","sociology","Sociology","foundations","media","Media","READY","READY_TO_PUBLISH","5","2026-08-22",""
"4","sociology","Sociology","foundations","urbanization","Urbanization","READY","READY_TO_PUBLISH","5","2026-08-22",""
"4","sociology","Sociology","foundations","globalization","Globalization","READY","READY_TO_PUBLISH","5","2026-08-22",""
"4","sociology","Sociology","foundations","social-movements","Social Movements","READY","READY_TO_PUBLISH","5","2026-08-22",""
"4","sociology","Sociology","foundations","social-change","Social Change","READY","READY_TO_PUBLISH","5","2026-08-22",""
"4","anthropology","Anthropology","foundations","what-is-anthropology","What Is Anthropology?","READY","READY_TO_PUBLISH","5","2026-08-22",""
"4","anthropology","Anthropology","foundations","four-fields-of-anthropology","Four Fields of Anthropology","READY","READY_TO_PUBLISH","5","2026-08-22",""
"4","anthropology","Anthropology","foundations","culture","Culture","READY","READY_TO_PUBLISH","5","2026-08-22",""
"4","anthropology","Anthropology","foundations","cultural-relativism","Cultural Relativism","READY","READY_TO_PUBLISH","5","2026-08-22",""
"4","anthropology","Anthropology","foundations","ethnocentrism","Ethnocentrism","READY","READY_TO_PUBLISH","5","2026-08-22",""
"4","anthropology","Anthropology","foundations","fieldwork","Fieldwork","READY","READY_TO_PUBLISH","5","2026-08-22",""
"4","anthropology","Anthropology","foundations","participant-observation","Participant Observation","READY","READY_TO_PUBLISH","5","2026-08-22",""
"4","anthropology","Anthropology","foundations","fieldwork-ethics","Fieldwork Ethics","READY","READY_TO_PUBLISH","5","2026-08-22",""
"4","anthropology","Anthropology","foundations","language-and-culture","Language and Culture","READY","READY_TO_PUBLISH","5","2026-08-22",""
"4","anthropology","Anthropology","foundations","kinship","Kinship","READY","READY_TO_PUBLISH","5","2026-08-22",""
"4","anthropology","Anthropology","foundations","family","Family","READY","READY_TO_PUBLISH","5","2026-08-22",""
"4","anthropology","Anthropology","foundations","marriage","Marriage","READY","READY_TO_PUBLISH","5","2026-08-22",""
"4","anthropology","Anthropology","foundations","religion","Religion","READY","READY_TO_PUBLISH","5","2026-08-22",""
"4","anthropology","Anthropology","foundations","ritual","Ritual","READY","READY_TO_PUBLISH","5","2026-08-22",""
"4","anthropology","Anthropology","foundations","economic-systems","Economic Systems","READY","READY_TO_PUBLISH","5","2026-08-22",""
"4","anthropology","Anthropology","foundations","subsistence","Subsistence","READY","READY_TO_PUBLISH","5","2026-08-22",""
"4","anthropology","Anthropology","foundations","political-systems","Political Systems","READY","READY_TO_PUBLISH","5","2026-08-22",""
"4","anthropology","Anthropology","foundations","social-organization","Social Organization","READY","READY_TO_PUBLISH","5","2026-08-22",""
"4","anthropology","Anthropology","foundations","globalization","Globalization","READY","READY_TO_PUBLISH","5","2026-08-22",""
"4","anthropology","Anthropology","foundations","medical-anthropology","Medical Anthropology","READY","READY_TO_PUBLISH","5","2026-08-22",""
"4","anthropology","Anthropology","foundations","archaeology","Archaeology","READY","READY_TO_PUBLISH","5","2026-08-22",""
"4","anthropology","Anthropology","foundations","archaeological-evidence","Archaeological Evidence","READY","READY_TO_PUBLISH","5","2026-08-22",""
"4","anthropology","Anthropology","foundations","human-evolution","Human Evolution","READY","READY_TO_PUBLISH","5","2026-08-22",""
"4","anthropology","Anthropology","foundations","primates","Primates","READY","READY_TO_PUBLISH","5","2026-08-22",""
"4","anthropology","Anthropology","foundations","early-hominins","Early Hominins","READY","READY_TO_PUBLISH","5","2026-08-22",""
"4","anthropology","Anthropology","foundations","homo-sapiens","Homo sapiens","READY","READY_TO_PUBLISH","5","2026-08-22",""
"4","anthropology","Anthropology","foundations","race-as-a-social-and-biological-concept","Race as a Social and Biological Concept","READY","READY_TO_PUBLISH","5","2026-08-22",""
"4","anthropology","Anthropology","foundations","applied-anthropology","Applied Anthropology","READY","READY_TO_PUBLISH","5","2026-08-22",""
"4","human-development","Human Development","foundations","lifespan-development","Lifespan Development","READY","READY_TO_PUBLISH","5","2026-08-22",""
"4","human-development","Human Development","foundations","nature-and-nurture","Nature and Nurture","READY","READY_TO_PUBLISH","5","2026-08-22",""
"4","human-development","Human Development","foundations","developmental-research","Developmental Research","READY","READY_TO_PUBLISH","5","2026-08-22",""
"4","human-development","Human Development","foundations","prenatal-development","Prenatal Development","READY","READY_TO_PUBLISH","5","2026-08-22",""
"4","human-development","Human Development","foundations","birth","Birth","READY","READY_TO_PUBLISH","5","2026-08-22",""
"4","human-development","Human Development","foundations","infancy","Infancy","READY","READY_TO_PUBLISH","5","2026-08-22",""
"4","human-development","Human Development","foundations","attachment","Attachment","READY","READY_TO_PUBLISH","5","2026-08-22",""
"4","human-development","Human Development","foundations","early-childhood","Early Childhood","READY","READY_TO_PUBLISH","5","2026-08-22",""
"4","human-development","Human Development","foundations","cognitive-development","Cognitive Development","READY","READY_TO_PUBLISH","5","2026-08-22",""
"4","human-development","Human Development","foundations","language-development","Language Development","READY","READY_TO_PUBLISH","5","2026-08-22",""
"4","human-development","Human Development","foundations","social-development","Social Development","READY","READY_TO_PUBLISH","5","2026-08-22",""
"4","human-development","Human Development","foundations","middle-childhood","Middle Childhood","READY","READY_TO_PUBLISH","5","2026-08-22",""
"4","human-development","Human Development","foundations","adolescence","Adolescence","READY","READY_TO_PUBLISH","5","2026-08-22",""
"4","human-development","Human Development","foundations","identity","Identity","READY","READY_TO_PUBLISH","5","2026-08-22",""
"4","human-development","Human Development","foundations","puberty","Puberty","READY","READY_TO_PUBLISH","5","2026-08-22",""
"4","human-development","Human Development","foundations","emerging-adulthood","Emerging Adulthood","READY","READY_TO_PUBLISH","5","2026-08-22",""
"4","human-development","Human Development","foundations","early-adulthood","Early Adulthood","READY","READY_TO_PUBLISH","5","2026-08-22",""
"4","human-development","Human Development","foundations","relationships","Relationships","READY","READY_TO_PUBLISH","5","2026-08-22",""
"4","human-development","Human Development","foundations","family-development","Family Development","READY","READY_TO_PUBLISH","5","2026-08-22",""
"4","human-development","Human Development","foundations","middle-adulthood","Middle Adulthood","READY","READY_TO_PUBLISH","5","2026-08-22",""
"4","human-development","Human Development","foundations","aging","Aging","READY","READY_TO_PUBLISH","5","2026-08-22",""
"4","human-development","Human Development","foundations","cognitive-aging","Cognitive Aging","READY","READY_TO_PUBLISH","5","2026-08-22",""
"4","human-development","Human Development","foundations","social-aging","Social Aging","READY","READY_TO_PUBLISH","5","2026-08-22",""
"4","human-development","Human Development","foundations","death-and-dying","Death and Dying","READY","READY_TO_PUBLISH","5","2026-08-22",""
"4","human-development","Human Development","foundations","developmental-risk-and-resilience","Developmental Risk and Resilience","READY","READY_TO_PUBLISH","5","2026-08-22",""
"4","political-science-and-government","Political Science & Government","foundations","what-is-politics","What Is Politics?","READY","READY_TO_PUBLISH","5","2026-08-22",""
"4","political-science-and-government","Political Science & Government","foundations","what-is-government","What Is Government?","READY","READY_TO_PUBLISH","5","2026-08-22",""
"4","political-science-and-government","Political Science & Government","foundations","political-systems","Political Systems","READY","READY_TO_PUBLISH","5","2026-08-22",""
"4","political-science-and-government","Political Science & Government","foundations","democracy","Democracy","READY","READY_TO_PUBLISH","5","2026-08-22",""
"4","political-science-and-government","Political Science & Government","foundations","authoritarianism","Authoritarianism","READY","READY_TO_PUBLISH","5","2026-08-22",""
"4","political-science-and-government","Political Science & Government","foundations","political-ideologies","Political Ideologies","READY","READY_TO_PUBLISH","5","2026-08-22",""
"4","political-science-and-government","Political Science & Government","foundations","constitution","Constitution","READY","READY_TO_PUBLISH","5","2026-08-22",""
"4","political-science-and-government","Political Science & Government","foundations","u-s-constitution","U.S. Constitution","READY","READY_TO_PUBLISH","5","2026-08-22",""
"4","political-science-and-government","Political Science & Government","foundations","separation-of-powers","Separation of Powers","READY","READY_TO_PUBLISH","5","2026-08-22",""
"4","political-science-and-government","Political Science & Government","foundations","checks-and-balances","Checks and Balances","READY","READY_TO_PUBLISH","5","2026-08-22",""
"4","political-science-and-government","Political Science & Government","foundations","federalism","Federalism","READY","READY_TO_PUBLISH","5","2026-08-22",""
"4","political-science-and-government","Political Science & Government","foundations","congress","Congress","READY","READY_TO_PUBLISH","5","2026-08-22",""
"4","political-science-and-government","Political Science & Government","foundations","presidency","Presidency","READY","READY_TO_PUBLISH","5","2026-08-22",""
"4","political-science-and-government","Political Science & Government","foundations","bureaucracy","Bureaucracy","READY","READY_TO_PUBLISH","5","2026-08-22",""
"4","political-science-and-government","Political Science & Government","foundations","courts","Courts","READY","READY_TO_PUBLISH","5","2026-08-22",""
"4","political-science-and-government","Political Science & Government","foundations","judicial-review","Judicial Review","NOT_STARTED","","","",""
"4","political-science-and-government","Political Science & Government","foundations","civil-liberties","Civil Liberties","NOT_STARTED","","","",""
"4","political-science-and-government","Political Science & Government","foundations","civil-rights","Civil Rights","NOT_STARTED","","","",""
"4","political-science-and-government","Political Science & Government","foundations","political-parties","Political Parties","NOT_STARTED","","","",""
"4","political-science-and-government","Political Science & Government","foundations","elections","Elections","NOT_STARTED","","","",""
"4","political-science-and-government","Political Science & Government","foundations","voting","Voting","NOT_STARTED","","","",""
"4","political-science-and-government","Political Science & Government","foundations","campaigns","Campaigns","NOT_STARTED","","","",""
"4","political-science-and-government","Political Science & Government","foundations","interest-groups","Interest Groups","NOT_STARTED","","","",""
"4","political-science-and-government","Political Science & Government","foundations","public-opinion","Public Opinion","NOT_STARTED","","","",""
"4","political-science-and-government","Political Science & Government","foundations","media-and-politics","Media and Politics","NOT_STARTED","","","",""
"4","political-science-and-government","Political Science & Government","foundations","public-policy","Public Policy","NOT_STARTED","","","",""
"4","political-science-and-government","Political Science & Government","foundations","state-and-local-government","State and Local Government","NOT_STARTED","","","",""
"4","political-science-and-government","Political Science & Government","foundations","comparative-politics","Comparative Politics","NOT_STARTED","","","",""
"4","political-science-and-government","Political Science & Government","foundations","international-relations","International Relations","NOT_STARTED","","","",""
"4","political-science-and-government","Political Science & Government","foundations","diplomacy","Diplomacy","NOT_STARTED","","","",""
"4","political-science-and-government","Political Science & Government","foundations","international-organizations","International Organizations","NOT_STARTED","","","",""
"4","political-science-and-government","Political Science & Government","foundations","use-current-primary-government-sources-for-legal-institutional-details","Use current primary government sources for legal/institutional details.","NOT_STARTED","","","",""
"4","history","History","foundations","history-should-be-divided-into-multiple-courses-rather-than-one-giant-subject","History should be divided into multiple courses rather than one giant subject.","PRUNED","","","",""
"4","history","History","foundations","historical-thinking","Historical Thinking","READY","READY_TO_PUBLISH","5","2026-08-19",""
"4","history","History","foundations","what-historians-do","What Historians Do","READY","READY_TO_PUBLISH","5","2026-08-19",""
"4","history","History","foundations","primary-sources","Primary Sources","READY","READY_TO_PUBLISH","5","2026-08-19",""
"4","history","History","foundations","secondary-sources","Secondary Sources","READY","READY_TO_PUBLISH","5","2026-08-19",""
"4","history","History","foundations","bias-and-perspective","Bias and Perspective","READY","READY_TO_PUBLISH","5","2026-08-19",""
"4","history","History","foundations","historical-context","Historical Context","READY","READY_TO_PUBLISH","5","2026-08-19",""
"4","history","History","foundations","evidence-and-interpretation","Evidence and Interpretation","READY","READY_TO_PUBLISH","5","2026-08-19",""
"4","history","History","foundations","causation","Causation","READY","READY_TO_PUBLISH","5","2026-08-19",""
"4","history","History","foundations","continuity-and-change","Continuity and Change","READY","READY_TO_PUBLISH","5","2026-08-19",""
"4","history","History","foundations","world-history-foundations","World History Foundations","READY","READY_TO_PUBLISH","5","2026-08-19",""
"4","history","History","foundations","early-human-societies","Early Human Societies","READY","READY_TO_PUBLISH","5","2026-08-19",""
"4","history","History","foundations","mesopotamia","Mesopotamia","READY","READY_TO_PUBLISH","5","2026-08-19",""
"4","history","History","foundations","ancient-egypt","Ancient Egypt","READY","READY_TO_PUBLISH","5","2026-08-19",""
"4","history","History","foundations","ancient-india","Ancient India","READY","READY_TO_PUBLISH","5","2026-08-19",""
"4","history","History","foundations","ancient-china","Ancient China","READY","READY_TO_PUBLISH","5","2026-08-19",""
"4","history","History","foundations","classical-greece","Classical Greece","READY","READY_TO_PUBLISH","5","2026-08-19",""
"4","history","History","foundations","roman-world","Roman World","READY","READY_TO_PUBLISH","5","2026-08-19",""
"4","history","History","foundations","major-world-religions","Major World Religions","READY","READY_TO_PUBLISH","5","2026-08-19",""
"4","history","History","foundations","medieval-societies","Medieval Societies","READY","READY_TO_PUBLISH","5","2026-08-19",""
"4","history","History","foundations","islamic-civilizations","Islamic Civilizations","READY","READY_TO_PUBLISH","5","2026-08-19",""
"4","history","History","foundations","african-kingdoms","African Kingdoms","READY","READY_TO_PUBLISH","5","2026-08-19",""
"4","history","History","foundations","asian-empires","Asian Empires","READY","READY_TO_PUBLISH","5","2026-08-19",""
"4","history","History","foundations","renaissance","Renaissance","READY","READY_TO_PUBLISH","5","2026-08-19",""
"4","history","History","foundations","reformation","Reformation","READY","READY_TO_PUBLISH","5","2026-08-19",""
"4","history","History","foundations","exploration","Exploration","READY","READY_TO_PUBLISH","5","2026-08-20",""
"4","history","History","foundations","atlantic-world","Atlantic World","READY","READY_TO_PUBLISH","5","2026-08-20",""
"4","history","History","foundations","enlightenment","Enlightenment","READY","READY_TO_PUBLISH","5","2026-08-20",""
"4","history","History","foundations","revolutions","Revolutions","READY","READY_TO_PUBLISH","5","2026-08-20",""
"4","history","History","foundations","industrial-revolution","Industrial Revolution","READY","READY_TO_PUBLISH","5","2026-08-20",""
"4","history","History","foundations","imperialism","Imperialism","READY","READY_TO_PUBLISH","5","2026-08-20",""
"4","history","History","foundations","world-war-i","World War I","READY","READY_TO_PUBLISH","5","2026-08-20",""
"4","history","History","foundations","world-war-ii","World War II","READY","READY_TO_PUBLISH","5","2026-08-20",""
"4","history","History","foundations","cold-war","Cold War","READY","READY_TO_PUBLISH","5","2026-08-20",""
"4","history","History","foundations","decolonization","Decolonization","READY","READY_TO_PUBLISH","5","2026-08-20",""
"4","history","History","foundations","globalization","Globalization","READY","READY_TO_PUBLISH","5","2026-08-20",""
"4","history","History","foundations","u-s-history-foundations","U.S. History Foundations","READY","READY_TO_PUBLISH","5","2026-08-20",""
"4","history","History","foundations","indigenous-north-america","Indigenous North America","READY","READY_TO_PUBLISH","5","2026-08-20",""
"4","history","History","foundations","colonial-america","Colonial America","READY","READY_TO_PUBLISH","5","2026-08-20",""
"4","history","History","foundations","american-revolution","American Revolution","READY","READY_TO_PUBLISH","5","2026-08-20",""
"4","history","History","foundations","constitution","Constitution","READY","READY_TO_PUBLISH","5","2026-08-20",""
"4","history","History","foundations","early-republic","Early Republic","READY","READY_TO_PUBLISH","5","2026-08-20",""
"4","history","History","foundations","expansion","Expansion","READY","READY_TO_PUBLISH","5","2026-08-20",""
"4","history","History","foundations","slavery","Slavery","READY","READY_TO_PUBLISH","5","2026-08-20",""
"4","history","History","foundations","civil-war","Civil War","READY","READY_TO_PUBLISH","5","2026-08-20",""
"4","history","History","foundations","reconstruction","Reconstruction","READY","READY_TO_PUBLISH","5","2026-08-20",""
"4","history","History","foundations","industrialization","Industrialization","READY","READY_TO_PUBLISH","5","2026-08-20",""
"4","history","History","foundations","progressive-era","Progressive Era","READY","READY_TO_PUBLISH","5","2026-08-20",""
"4","history","History","foundations","world-war-i","World War I","READY","READY_TO_PUBLISH","5","2026-08-20",""
"4","history","History","foundations","great-depression","Great Depression","READY","READY_TO_PUBLISH","5","2026-08-20",""
"4","human-geography","Human Geography","foundations","what-is-human-geography","What Is Human Geography?","READY","READY_TO_PUBLISH","5","2026-08-19",""
"4","human-geography","Human Geography","foundations","maps-and-spatial-thinking","Maps and Spatial Thinking","READY","READY_TO_PUBLISH","5","2026-08-19",""
"4","human-geography","Human Geography","foundations","population","Population","READY","READY_TO_PUBLISH","5","2026-08-19",""
"4","human-geography","Human Geography","foundations","population-distribution","Population Distribution","READY","READY_TO_PUBLISH","5","2026-08-19",""
"4","human-geography","Human Geography","foundations","demographic-transition","Demographic Transition","READY","READY_TO_PUBLISH","5","2026-08-19",""
"4","human-geography","Human Geography","foundations","migration","Migration","READY","READY_TO_PUBLISH","5","2026-08-19",""
"4","human-geography","Human Geography","foundations","push-and-pull-factors","Push and Pull Factors","READY","READY_TO_PUBLISH","5","2026-08-19",""
"4","human-geography","Human Geography","foundations","refugees-and-displacement","Refugees and Displacement","READY","READY_TO_PUBLISH","5","2026-08-19",""
"4","human-geography","Human Geography","foundations","culture","Culture","READY","READY_TO_PUBLISH","5","2026-08-19",""
"4","human-geography","Human Geography","foundations","language","Language","READY","READY_TO_PUBLISH","5","2026-08-19",""
"4","human-geography","Human Geography","foundations","religion","Religion","READY","READY_TO_PUBLISH","5","2026-08-19",""
"4","human-geography","Human Geography","foundations","ethnicity","Ethnicity","READY","READY_TO_PUBLISH","5","2026-08-19",""
"4","human-geography","Human Geography","foundations","political-geography","Political Geography","READY","READY_TO_PUBLISH","5","2026-08-19",""
"4","human-geography","Human Geography","foundations","states-and-nations","States and Nations","READY","READY_TO_PUBLISH","5","2026-08-19",""
"4","human-geography","Human Geography","foundations","borders","Borders","READY","READY_TO_PUBLISH","5","2026-08-19",""
"4","human-geography","Human Geography","foundations","geopolitics","Geopolitics","READY","READY_TO_PUBLISH","5","2026-08-19",""
"4","human-geography","Human Geography","foundations","agriculture","Agriculture","READY","READY_TO_PUBLISH","5","2026-08-19",""
"4","human-geography","Human Geography","foundations","food-systems","Food Systems","READY","READY_TO_PUBLISH","5","2026-08-19",""
"4","human-geography","Human Geography","foundations","urbanization","Urbanization","READY","READY_TO_PUBLISH","5","2026-08-19",""
"4","human-geography","Human Geography","foundations","cities","Cities","READY","READY_TO_PUBLISH","5","2026-08-19",""
"4","human-geography","Human Geography","foundations","economic-development","Economic Development","READY","READY_TO_PUBLISH","5","2026-08-19",""
"4","human-geography","Human Geography","foundations","globalization","Globalization","READY","READY_TO_PUBLISH","5","2026-08-19",""
"4","human-geography","Human Geography","foundations","industry","Industry","READY","READY_TO_PUBLISH","5","2026-08-19",""
"4","human-geography","Human Geography","foundations","transportation","Transportation","READY","READY_TO_PUBLISH","5","2026-08-19",""
"4","human-geography","Human Geography","foundations","environment-and-society","Environment and Society","READY","READY_TO_PUBLISH","5","2026-08-19",""
"4","human-geography","Human Geography","foundations","climate-and-society","Climate and Society","READY","READY_TO_PUBLISH","5","2026-08-19",""
"4","human-geography","Human Geography","foundations","regional-geography","Regional Geography","READY","READY_TO_PUBLISH","5","2026-08-19",""
"4","human-geography","Human Geography","foundations","human-development-indicators","Human Development Indicators","READY","READY_TO_PUBLISH","5","2026-08-19",""
"4","economics","Economics","foundations","scarcity","Scarcity","READY","READY_TO_PUBLISH","5","2026-08-19",""
"4","economics","Economics","foundations","choice","Choice","READY","READY_TO_PUBLISH","5","2026-08-19",""
"4","economics","Economics","foundations","opportunity-cost","Opportunity Cost","READY","READY_TO_PUBLISH","5","2026-08-19",""
"4","economics","Economics","foundations","marginal-thinking","Marginal Thinking","READY","READY_TO_PUBLISH","5","2026-08-19",""
"4","economics","Economics","foundations","incentives","Incentives","READY","READY_TO_PUBLISH","5","2026-08-19",""
"4","economics","Economics","foundations","supply","Supply","READY","READY_TO_PUBLISH","5","2026-08-19",""
"4","economics","Economics","foundations","demand","Demand","READY","READY_TO_PUBLISH","5","2026-08-19",""
"4","economics","Economics","foundations","market-equilibrium","Market Equilibrium","READY","READY_TO_PUBLISH","5","2026-08-19",""
"4","economics","Economics","foundations","price-controls","Price Controls","READY","READY_TO_PUBLISH","5","2026-08-19",""
"4","economics","Economics","foundations","elasticity","Elasticity","READY","READY_TO_PUBLISH","5","2026-08-19",""
"4","economics","Economics","foundations","consumer-choice","Consumer Choice","READY","READY_TO_PUBLISH","5","2026-08-19",""
"4","economics","Economics","foundations","production","Production","READY","READY_TO_PUBLISH","5","2026-08-19",""
"4","economics","Economics","foundations","costs","Costs","READY","READY_TO_PUBLISH","5","2026-08-19",""
"4","economics","Economics","foundations","perfect-competition","Perfect Competition","READY","READY_TO_PUBLISH","5","2026-08-19",""
"4","economics","Economics","foundations","monopoly","Monopoly","READY","READY_TO_PUBLISH","5","2026-08-19",""
"4","economics","Economics","foundations","oligopoly","Oligopoly","READY","READY_TO_PUBLISH","5","2026-08-19",""
"4","economics","Economics","foundations","monopolistic-competition","Monopolistic Competition","READY","READY_TO_PUBLISH","5","2026-08-19",""
"4","economics","Economics","foundations","externalities","Externalities","READY","READY_TO_PUBLISH","5","2026-08-19",""
"4","economics","Economics","foundations","public-goods","Public Goods","READY","READY_TO_PUBLISH","5","2026-08-19",""
"4","economics","Economics","foundations","labor-markets","Labor Markets","READY","READY_TO_PUBLISH","5","2026-08-19",""
"4","economics","Economics","foundations","gdp","GDP","READY","READY_TO_PUBLISH","5","2026-08-19",""
"4","economics","Economics","foundations","economic-growth","Economic Growth","READY","READY_TO_PUBLISH","5","2026-08-19",""
"4","economics","Economics","foundations","unemployment","Unemployment","READY","READY_TO_PUBLISH","5","2026-08-19",""
"4","economics","Economics","foundations","inflation","Inflation","READY","READY_TO_PUBLISH","5","2026-08-19",""
"4","economics","Economics","foundations","business-cycle","Business Cycle","READY","READY_TO_PUBLISH","5","2026-08-19",""
"4","economics","Economics","foundations","aggregate-demand","Aggregate Demand","READY","READY_TO_PUBLISH","5","2026-08-19",""
"4","economics","Economics","foundations","aggregate-supply","Aggregate Supply","READY","READY_TO_PUBLISH","5","2026-08-19",""
"4","economics","Economics","foundations","fiscal-policy","Fiscal Policy","READY","READY_TO_PUBLISH","5","2026-08-19",""
"4","economics","Economics","foundations","monetary-policy","Monetary Policy","READY","READY_TO_PUBLISH","5","2026-08-19",""
"4","economics","Economics","foundations","money","Money","READY","READY_TO_PUBLISH","5","2026-08-19",""
"4","economics","Economics","foundations","banking","Banking","READY","READY_TO_PUBLISH","5","2026-08-19",""
"4","economics","Economics","foundations","federal-reserve","Federal Reserve","READY","READY_TO_PUBLISH","5","2026-08-19",""
"4","economics","Economics","foundations","interest-rates","Interest Rates","READY","READY_TO_PUBLISH","5","2026-08-19",""
"4","economics","Economics","foundations","government-debt","Government Debt","READY","READY_TO_PUBLISH","5","2026-08-19",""
"4","economics","Economics","foundations","comparative-advantage","Comparative Advantage","READY","READY_TO_PUBLISH","5","2026-08-19",""
"4","economics","Economics","foundations","trade","Trade","READY","READY_TO_PUBLISH","5","2026-08-19",""
"4","economics","Economics","foundations","tariffs","Tariffs","READY","READY_TO_PUBLISH","5","2026-08-19",""
"4","economics","Economics","foundations","exchange-rates","Exchange Rates","READY","READY_TO_PUBLISH","5","2026-08-19",""
"4","economics","Economics","foundations","globalization","Globalization","READY","READY_TO_PUBLISH","5","2026-08-19",""
"4","economics","Economics","foundations","recommended-website-organization","RECOMMENDED WEBSITE ORGANIZATION","PRUNED","","","",""
"4","economics","Economics","foundations","organize-them-into-major-collections","Organize them into major collections.","PRUNED","","","",""
"4","economics","Economics","foundations","science-and-health","Science & Health","PRUNED","","","",""
"4","economics","Economics","foundations","society-and-government","Society & Government","PRUNED","","","",""
"4","economics","Economics","foundations","humanities-and-culture","Humanities & Culture","PRUNED","","","",""
"4","economics","Economics","foundations","business-and-money","Business & Money","PRUNED","","","",""
"4","economics","Economics","foundations","technology","Technology","PRUNED","","","",""
"4","economics","Economics","foundations","professional-studies","Professional Studies","PRUNED","","","",""
"4","economics","Economics","foundations","content-depth-standard","CONTENT DEPTH STANDARD","PRUNED","","","",""
"4","economics","Economics","foundations","small-subject","Small subject","PRUNED","","","",""
"4","economics","Economics","foundations","12-18-topics","12–18 topics","PRUNED","","","",""
